id_img,emotion
10004.jpg,happy
10019.jpg,sad
10023.jpg,neutral
10029.jpg,angry
1003.jpg,surprise
10031.jpg,fear
10033.jpg,disgust
10043.jpg,happy
10044.jpg,sad
10048.jpg,neutral
10052.jpg,
10053.jpg,
10056.jpg,
10065.jpg,
10068.jpg,
10073.jpg,
10074.jpg,
10079.jpg,
1008.jpg,
10095.jpg,
10096.jpg,
10097.jpg,
10099.jpg,
101.jpg,
10106.jpg,
10114.jpg,
10116.jpg,
10117.jpg,
10118.jpg,
10121.jpg,
10126.jpg,
10134.jpg,
10138.jpg,
10141.jpg,
10148.jpg,
10150.jpg,
10162.jpg,
10163.jpg,
10171.jpg,
10172.jpg,
10176.jpg,
10185.jpg,
10189.jpg,
1020.jpg,
10215.jpg,
10218.jpg,
1022.jpg,
10237.jpg,
1024.jpg,
10246.jpg,
10247.jpg,
10248.jpg,
10252.jpg,
10257.jpg,
10259.jpg,
1026.jpg,
10263.jpg,
10266.jpg,
10267.jpg,
10268.jpg,
1027.jpg,
10273.jpg,
10276.jpg,
10278.jpg,
10286.jpg,
10292.jpg,
10306.jpg,
10312.jpg,
10315.jpg,
10317.jpg,
1033.jpg,
10336.jpg,
10338.jpg,
10339.jpg,
10344.jpg,
10346.jpg,
10352.jpg,
10355.jpg,
10362.jpg,
10365.jpg,
10367.jpg,
10370.jpg,
10371.jpg,
10372.jpg,
10375.jpg,
10382.jpg,
10383.jpg,
10386.jpg,
10399.jpg,
10406.jpg,
10409.jpg,
10415.jpg,
10423.jpg,
10425.jpg,
10426.jpg,
10432.jpg,
10435.jpg,
10437.jpg,
10443.jpg,
10444.jpg,
10445.jpg,
1045.jpg,
10455.jpg,
10456.jpg,
10458.jpg,
10467.jpg,
10468.jpg,
10480.jpg,
10489.jpg,
10493.jpg,
10512.jpg,
10518.jpg,
10528.jpg,
10532.jpg,
10533.jpg,
10534.jpg,
10535.jpg,
10540.jpg,
10545.jpg,
10549.jpg,
10551.jpg,
10552.jpg,
10554.jpg,
1056.jpg,
10561.jpg,
10571.jpg,
1058.jpg,
10583.jpg,
10607.jpg,
10620.jpg,
10622.jpg,
10624.jpg,
10625.jpg,
10634.jpg,
10638.jpg,
10640.jpg,
10644.jpg,
10647.jpg,
10653.jpg,
10655.jpg,
10676.jpg,
10683.jpg,
10686.jpg,
10693.jpg,
10694.jpg,
10699.jpg,
10701.jpg,
10702.jpg,
10703.jpg,
1071.jpg,
10713.jpg,
10715.jpg,
10734.jpg,
1074.jpg,
10741.jpg,
10743.jpg,
10746.jpg,
1075.jpg,
10755.jpg,
10758.jpg,
10768.jpg,
10769.jpg,
10770.jpg,
10773.jpg,
10774.jpg,
1078.jpg,
10787.jpg,
1079.jpg,
10792.jpg,
10797.jpg,
10800.jpg,
1081.jpg,
10811.jpg,
10813.jpg,
10818.jpg,
10820.jpg,
10823.jpg,
10825.jpg,
10832.jpg,
10837.jpg,
10839.jpg,
10841.jpg,
10854.jpg,
10866.jpg,
10871.jpg,
10879.jpg,
10881.jpg,
10902.jpg,
10903.jpg,
10906.jpg,
10909.jpg,
10916.jpg,
10919.jpg,
10926.jpg,
1093.jpg,
10931.jpg,
10933.jpg,
10935.jpg,
1094.jpg,
10944.jpg,
10950.jpg,
10956.jpg,
10968.jpg,
10970.jpg,
10979.jpg,
10992.jpg,
11000.jpg,
11002.jpg,
1101.jpg,
11017.jpg,
11019.jpg,
11022.jpg,
11024.jpg,
11025.jpg,
11026.jpg,
11028.jpg,
11030.jpg,
11031.jpg,
11032.jpg,
11034.jpg,
11036.jpg,
11038.jpg,
11039.jpg,
11043.jpg,
11054.jpg,
11055.jpg,
11057.jpg,
1106.jpg,
11065.jpg,
1107.jpg,
11075.jpg,
11093.jpg,
11096.jpg,
11098.jpg,
11100.jpg,
11104.jpg,
11108.jpg,
1111.jpg,
11112.jpg,
11126.jpg,
11130.jpg,
11137.jpg,
11138.jpg,
11139.jpg,
11140.jpg,
11143.jpg,
11146.jpg,
1115.jpg,
11150.jpg,
11158.jpg,
1116.jpg,
11163.jpg,
11168.jpg,
11169.jpg,
1118.jpg,
11180.jpg,
11186.jpg,
11188.jpg,
11192.jpg,
112.jpg,
11200.jpg,
11208.jpg,
11209.jpg,
1121.jpg,
11213.jpg,
11218.jpg,
11222.jpg,
11233.jpg,
11234.jpg,
11236.jpg,
1124.jpg,
11241.jpg,
11251.jpg,
1126.jpg,
11264.jpg,
11266.jpg,
11269.jpg,
1127.jpg,
11277.jpg,
11278.jpg,
1128.jpg,
11280.jpg,
11284.jpg,
11295.jpg,
1130.jpg,
11302.jpg,
11316.jpg,
11317.jpg,
1133.jpg,
11337.jpg,
11342.jpg,
11345.jpg,
11346.jpg,
11349.jpg,
11353.jpg,
11358.jpg,
11360.jpg,
1137.jpg,
11381.jpg,
11390.jpg,
11392.jpg,
11395.jpg,
11398.jpg,
11400.jpg,
1141.jpg,
11412.jpg,
11414.jpg,
11416.jpg,
11418.jpg,
1142.jpg,
11421.jpg,
11429.jpg,
11448.jpg,
11451.jpg,
11462.jpg,
11466.jpg,
11467.jpg,
11471.jpg,
1148.jpg,
11491.jpg,
115.jpg,
11500.jpg,
11508.jpg,
11516.jpg,
11518.jpg,
1152.jpg,
11523.jpg,
11529.jpg,
11530.jpg,
11536.jpg,
1154.jpg,
11549.jpg,
11552.jpg,
11558.jpg,
11559.jpg,
1156.jpg,
11560.jpg,
11561.jpg,
11573.jpg,
11575.jpg,
11581.jpg,
11582.jpg,
11587.jpg,
11588.jpg,
11589.jpg,
1159.jpg,
11594.jpg,
11601.jpg,
11603.jpg,
11604.jpg,
11610.jpg,
11613.jpg,
11614.jpg,
11626.jpg,
11632.jpg,
11637.jpg,
11639.jpg,
11640.jpg,
11642.jpg,
11646.jpg,
11653.jpg,
11654.jpg,
11658.jpg,
11660.jpg,
11662.jpg,
11670.jpg,
11675.jpg,
11682.jpg,
11686.jpg,
11687.jpg,
11689.jpg,
1169.jpg,
11694.jpg,
11704.jpg,
11706.jpg,
11717.jpg,
11721.jpg,
11722.jpg,
11725.jpg,
11727.jpg,
11729.jpg,
1173.jpg,
11733.jpg,
11738.jpg,
11746.jpg,
11747.jpg,
11754.jpg,
1176.jpg,
11763.jpg,
11766.jpg,
1177.jpg,
11772.jpg,
11774.jpg,
11783.jpg,
11785.jpg,
11786.jpg,
11790.jpg,
11793.jpg,
11794.jpg,
11808.jpg,
11813.jpg,
11814.jpg,
11816.jpg,
11818.jpg,
11819.jpg,
11823.jpg,
11834.jpg,
11835.jpg,
11836.jpg,
11841.jpg,
11842.jpg,
11848.jpg,
11849.jpg,
11850.jpg,
11855.jpg,
11865.jpg,
11867.jpg,
11872.jpg,
11875.jpg,
11876.jpg,
11880.jpg,
11883.jpg,
11885.jpg,
11889.jpg,
1189.jpg,
11891.jpg,
11902.jpg,
11904.jpg,
11909.jpg,
11913.jpg,
11927.jpg,
11928.jpg,
1193.jpg,
11944.jpg,
11949.jpg,
11964.jpg,
11966.jpg,
11968.jpg,
11977.jpg,
11978.jpg,
1198.jpg,
11986.jpg,
11999.jpg,
12011.jpg,
1202.jpg,
12024.jpg,
12040.jpg,
12042.jpg,
1206.jpg,
12063.jpg,
12074.jpg,
12086.jpg,
12090.jpg,
12092.jpg,
12096.jpg,
12098.jpg,
12100.jpg,
12106.jpg,
12107.jpg,
12113.jpg,
12116.jpg,
12117.jpg,
12119.jpg,
12120.jpg,
12125.jpg,
12129.jpg,
12131.jpg,
12134.jpg,
12136.jpg,
12141.jpg,
12144.jpg,
1215.jpg,
12162.jpg,
12171.jpg,
12173.jpg,
12183.jpg,
12190.jpg,
12191.jpg,
1220.jpg,
12202.jpg,
12215.jpg,
1222.jpg,
12230.jpg,
12237.jpg,
12239.jpg,
12246.jpg,
12255.jpg,
12257.jpg,
12259.jpg,
12267.jpg,
1227.jpg,
12272.jpg,
12284.jpg,
12289.jpg,
12307.jpg,
12312.jpg,
12313.jpg,
12318.jpg,
12319.jpg,
12320.jpg,
12321.jpg,
12329.jpg,
12334.jpg,
12338.jpg,
12349.jpg,
1235.jpg,
12350.jpg,
12352.jpg,
12359.jpg,
12361.jpg,
12363.jpg,
12364.jpg,
12366.jpg,
12376.jpg,
12379.jpg,
12381.jpg,
12383.jpg,
1239.jpg,
12407.jpg,
12410.jpg,
12417.jpg,
12423.jpg,
12431.jpg,
12440.jpg,
1246.jpg,
12463.jpg,
12470.jpg,
12472.jpg,
1248.jpg,
12487.jpg,
12489.jpg,
1249.jpg,
12492.jpg,
12496.jpg,
12497.jpg,
12498.jpg,
12500.jpg,
12504.jpg,
12508.jpg,
12512.jpg,
12519.jpg,
12524.jpg,
12527.jpg,
12529.jpg,
12547.jpg,
12551.jpg,
12557.jpg,
12560.jpg,
12567.jpg,
12569.jpg,
12578.jpg,
12581.jpg,
12591.jpg,
12592.jpg,
12594.jpg,
12600.jpg,
12611.jpg,
12621.jpg,
12626.jpg,
12634.jpg,
1264.jpg,
12647.jpg,
12648.jpg,
12659.jpg,
12661.jpg,
12672.jpg,
12674.jpg,
12676.jpg,
12680.jpg,
12684.jpg,
12695.jpg,
12698.jpg,
12702.jpg,
12705.jpg,
12712.jpg,
12723.jpg,
12725.jpg,
12729.jpg,
12733.jpg,
12737.jpg,
12748.jpg,
12753.jpg,
12758.jpg,
12768.jpg,
12772.jpg,
12776.jpg,
12789.jpg,
12791.jpg,
12801.jpg,
12808.jpg,
12809.jpg,
12810.jpg,
12818.jpg,
12827.jpg,
12841.jpg,
12842.jpg,
12851.jpg,
12852.jpg,
12861.jpg,
12869.jpg,
12879.jpg,
12885.jpg,
12891.jpg,
12899.jpg,
12903.jpg,
12904.jpg,
12924.jpg,
12928.jpg,
12933.jpg,
12936.jpg,
12945.jpg,
12948.jpg,
12951.jpg,
12956.jpg,
12957.jpg,
12958.jpg,
12960.jpg,
12973.jpg,
12976.jpg,
1298.jpg,
12986.jpg,
12988.jpg,
1300.jpg,
13000.jpg,
13009.jpg,
13027.jpg,
13029.jpg,
13037.jpg,
13041.jpg,
13047.jpg,
13051.jpg,
13057.jpg,
13059.jpg,
13067.jpg,
13071.jpg,
13073.jpg,
13080.jpg,
1309.jpg,
13091.jpg,
13092.jpg,
131.jpg,
13101.jpg,
13105.jpg,
13108.jpg,
13114.jpg,
13118.jpg,
13121.jpg,
13127.jpg,
1313.jpg,
13139.jpg,
13145.jpg,
13150.jpg,
13151.jpg,
13152.jpg,
1316.jpg,
13161.jpg,
13162.jpg,
13164.jpg,
13167.jpg,
13169.jpg,
13179.jpg,
13180.jpg,
13187.jpg,
13188.jpg,
13203.jpg,
13204.jpg,
13205.jpg,
13212.jpg,
13220.jpg,
13228.jpg,
13230.jpg,
13233.jpg,
13237.jpg,
13242.jpg,
1325.jpg,
13250.jpg,
13252.jpg,
13267.jpg,
13279.jpg,
1328.jpg,
13283.jpg,
13288.jpg,
13293.jpg,
13296.jpg,
13301.jpg,
13306.jpg,
13308.jpg,
13310.jpg,
13317.jpg,
13322.jpg,
13334.jpg,
13337.jpg,
13339.jpg,
1334.jpg,
13348.jpg,
13351.jpg,
13353.jpg,
1336.jpg,
13362.jpg,
13363.jpg,
13366.jpg,
13372.jpg,
13376.jpg,
13380.jpg,
13385.jpg,
1339.jpg,
13394.jpg,
13395.jpg,
1340.jpg,
13405.jpg,
13409.jpg,
1341.jpg,
13411.jpg,
13421.jpg,
13424.jpg,
13427.jpg,
13428.jpg,
1343.jpg,
13430.jpg,
13431.jpg,
13433.jpg,
13441.jpg,
13449.jpg,
13456.jpg,
13460.jpg,
13467.jpg,
13476.jpg,
13482.jpg,
13483.jpg,
13486.jpg,
13488.jpg,
13498.jpg,
135.jpg,
1350.jpg,
13502.jpg,
13505.jpg,
13510.jpg,
13514.jpg,
13518.jpg,
13521.jpg,
13526.jpg,
13528.jpg,
1353.jpg,
13531.jpg,
13533.jpg,
13535.jpg,
13549.jpg,
13561.jpg,
13562.jpg,
13570.jpg,
13575.jpg,
1358.jpg,
13582.jpg,
13584.jpg,
13585.jpg,
13586.jpg,
13587.jpg,
13590.jpg,
13593.jpg,
13596.jpg,
13597.jpg,
13598.jpg,
13599.jpg,
13603.jpg,
13607.jpg,
13615.jpg,
13618.jpg,
13619.jpg,
13622.jpg,
13631.jpg,
13633.jpg,
13638.jpg,
1364.jpg,
13644.jpg,
13652.jpg,
13653.jpg,
13655.jpg,
13664.jpg,
13666.jpg,
1367.jpg,
13670.jpg,
13671.jpg,
13672.jpg,
13683.jpg,
13684.jpg,
13692.jpg,
13694.jpg,
13695.jpg,
13703.jpg,
13706.jpg,
13714.jpg,
13715.jpg,
13726.jpg,
13738.jpg,
13740.jpg,
13757.jpg,
13758.jpg,
1376.jpg,
13761.jpg,
13792.jpg,
13793.jpg,
13798.jpg,
13800.jpg,
13801.jpg,
13802.jpg,
13808.jpg,
1381.jpg,
13812.jpg,
13825.jpg,
13833.jpg,
13834.jpg,
13837.jpg,
13843.jpg,
13847.jpg,
13848.jpg,
13852.jpg,
13855.jpg,
1386.jpg,
13870.jpg,
13874.jpg,
13876.jpg,
13877.jpg,
13888.jpg,
1389.jpg,
13890.jpg,
13897.jpg,
13899.jpg,
139.jpg,
13907.jpg,
13909.jpg,
13911.jpg,
13912.jpg,
13913.jpg,
13921.jpg,
13925.jpg,
13928.jpg,
13933.jpg,
13939.jpg,
13940.jpg,
1395.jpg,
13955.jpg,
13965.jpg,
13968.jpg,
13969.jpg,
13971.jpg,
13978.jpg,
13979.jpg,
13983.jpg,
13991.jpg,
1401.jpg,
14011.jpg,
14022.jpg,
14030.jpg,
14033.jpg,
14037.jpg,
14041.jpg,
14044.jpg,
14047.jpg,
14048.jpg,
14057.jpg,
14058.jpg,
14063.jpg,
1407.jpg,
14070.jpg,
14080.jpg,
14082.jpg,
14091.jpg,
14092.jpg,
141.jpg,
1410.jpg,
14106.jpg,
14108.jpg,
1411.jpg,
14113.jpg,
14114.jpg,
14115.jpg,
14117.jpg,
14118.jpg,
14120.jpg,
14122.jpg,
14127.jpg,
14135.jpg,
14136.jpg,
14139.jpg,
14148.jpg,
14152.jpg,
14154.jpg,
14155.jpg,
14169.jpg,
14170.jpg,
14174.jpg,
14175.jpg,
14185.jpg,
14187.jpg,
14190.jpg,
1420.jpg,
14206.jpg,
14208.jpg,
1422.jpg,
14224.jpg,
14226.jpg,
14236.jpg,
14243.jpg,
14250.jpg,
14268.jpg,
14278.jpg,
14282.jpg,
1429.jpg,
14292.jpg,
14305.jpg,
14306.jpg,
14310.jpg,
14314.jpg,
14315.jpg,
14327.jpg,
14329.jpg,
14331.jpg,
14342.jpg,
14346.jpg,
14348.jpg,
14352.jpg,
14357.jpg,
14360.jpg,
14362.jpg,
14371.jpg,
14375.jpg,
14376.jpg,
14378.jpg,
1438.jpg,
14381.jpg,
14384.jpg,
14388.jpg,
14406.jpg,
1441.jpg,
14419.jpg,
14421.jpg,
14427.jpg,
14436.jpg,
14438.jpg,
14444.jpg,
14448.jpg,
14452.jpg,
14459.jpg,
14464.jpg,
14472.jpg,
14473.jpg,
14474.jpg,
14475.jpg,
14481.jpg,
14484.jpg,
14487.jpg,
1449.jpg,
14494.jpg,
14495.jpg,
14496.jpg,
14498.jpg,
14505.jpg,
14509.jpg,
14513.jpg,
14516.jpg,
14517.jpg,
14518.jpg,
14522.jpg,
14524.jpg,
14529.jpg,
14542.jpg,
14546.jpg,
14550.jpg,
14551.jpg,
14557.jpg,
14561.jpg,
14564.jpg,
1457.jpg,
14572.jpg,
14574.jpg,
14578.jpg,
14586.jpg,
14593.jpg,
1460.jpg,
14605.jpg,
14611.jpg,
14620.jpg,
14637.jpg,
14641.jpg,
14645.jpg,
14647.jpg,
1465.jpg,
14671.jpg,
14682.jpg,
14691.jpg,
14696.jpg,
14697.jpg,
14700.jpg,
14703.jpg,
14706.jpg,
14717.jpg,
14722.jpg,
14729.jpg,
14730.jpg,
1474.jpg,
14741.jpg,
14744.jpg,
14747.jpg,
14757.jpg,
14759.jpg,
1477.jpg,
14775.jpg,
14786.jpg,
14789.jpg,
14792.jpg,
14798.jpg,
148.jpg,
1482.jpg,
14821.jpg,
14831.jpg,
14835.jpg,
14836.jpg,
1485.jpg,
14859.jpg,
14867.jpg,
14869.jpg,
14870.jpg,
14877.jpg,
14891.jpg,
1491.jpg,
14914.jpg,
14927.jpg,
14929.jpg,
1493.jpg,
14945.jpg,
14954.jpg,
14957.jpg,
14958.jpg,
14965.jpg,
14968.jpg,
14973.jpg,
14980.jpg,
14987.jpg,
15001.jpg,
15007.jpg,
15008.jpg,
15012.jpg,
15013.jpg,
15034.jpg,
15037.jpg,
15039.jpg,
15040.jpg,
15044.jpg,
15047.jpg,
15052.jpg,
1506.jpg,
15060.jpg,
15070.jpg,
15074.jpg,
15077.jpg,
15078.jpg,
1508.jpg,
15088.jpg,
15090.jpg,
15099.jpg,
15101.jpg,
15102.jpg,
15106.jpg,
15110.jpg,
1512.jpg,
15120.jpg,
15121.jpg,
15129.jpg,
15132.jpg,
15134.jpg,
15138.jpg,
15145.jpg,
15147.jpg,
1515.jpg,
15167.jpg,
15168.jpg,
15169.jpg,
15172.jpg,
15179.jpg,
15181.jpg,
15190.jpg,
15191.jpg,
15192.jpg,
15193.jpg,
15194.jpg,
15198.jpg,
15207.jpg,
15208.jpg,
15210.jpg,
15212.jpg,
15216.jpg,
15217.jpg,
15220.jpg,
15221.jpg,
15222.jpg,
15229.jpg,
15238.jpg,
15244.jpg,
15248.jpg,
15257.jpg,
15260.jpg,
15263.jpg,
15268.jpg,
15269.jpg,
15271.jpg,
15279.jpg,
15280.jpg,
15289.jpg,
15292.jpg,
15293.jpg,
15294.jpg,
15295.jpg,
15310.jpg,
15323.jpg,
15331.jpg,
15333.jpg,
15334.jpg,
15335.jpg,
1534.jpg,
15350.jpg,
15354.jpg,
1536.jpg,
15365.jpg,
15366.jpg,
15373.jpg,
15378.jpg,
1538.jpg,
15383.jpg,
15387.jpg,
15397.jpg,
15400.jpg,
15405.jpg,
15409.jpg,
15416.jpg,
15426.jpg,
15432.jpg,
15436.jpg,
15438.jpg,
15441.jpg,
15443.jpg,
15445.jpg,
15447.jpg,
15454.jpg,
15455.jpg,
15459.jpg,
15462.jpg,
15467.jpg,
15468.jpg,
15474.jpg,
15484.jpg,
15486.jpg,
15487.jpg,
1549.jpg,
15494.jpg,
15500.jpg,
15502.jpg,
15503.jpg,
15518.jpg,
15520.jpg,
15523.jpg,
15524.jpg,
15527.jpg,
15529.jpg,
15533.jpg,
15534.jpg,
15535.jpg,
15536.jpg,
15539.jpg,
15544.jpg,
1555.jpg,
15562.jpg,
15565.jpg,
15568.jpg,
15570.jpg,
15578.jpg,
15580.jpg,
15589.jpg,
15592.jpg,
1560.jpg,
15611.jpg,
15613.jpg,
15615.jpg,
15616.jpg,
15621.jpg,
15622.jpg,
15628.jpg,
15634.jpg,
15635.jpg,
15637.jpg,
15638.jpg,
15642.jpg,
15644.jpg,
15651.jpg,
15654.jpg,
15657.jpg,
15663.jpg,
15668.jpg,
15677.jpg,
15678.jpg,
15686.jpg,
15696.jpg,
15697.jpg,
15699.jpg,
157.jpg,
15708.jpg,
15709.jpg,
15712.jpg,
15713.jpg,
15715.jpg,
15716.jpg,
15717.jpg,
1572.jpg,
15721.jpg,
15725.jpg,
1575.jpg,
15758.jpg,
1576.jpg,
15767.jpg,
15771.jpg,
15778.jpg,
15788.jpg,
15791.jpg,
15795.jpg,
15802.jpg,
1582.jpg,
15820.jpg,
15821.jpg,
15824.jpg,
1583.jpg,
15835.jpg,
1584.jpg,
15843.jpg,
15847.jpg,
15848.jpg,
15854.jpg,
15859.jpg,
15867.jpg,
15870.jpg,
15881.jpg,
15885.jpg,
15890.jpg,
15897.jpg,
15904.jpg,
15909.jpg,
15910.jpg,
15919.jpg,
15921.jpg,
15922.jpg,
15929.jpg,
15932.jpg,
15941.jpg,
15944.jpg,
15950.jpg,
15954.jpg,
15963.jpg,
15966.jpg,
15976.jpg,
15979.jpg,
15983.jpg,
15984.jpg,
1599.jpg,
15999.jpg,
16003.jpg,
16010.jpg,
16019.jpg,
16021.jpg,
16033.jpg,
16037.jpg,
16039.jpg,
16042.jpg,
16053.jpg,
16054.jpg,
16056.jpg,
1606.jpg,
16064.jpg,
16071.jpg,
16075.jpg,
16076.jpg,
16081.jpg,
16087.jpg,
16094.jpg,
16101.jpg,
16102.jpg,
16106.jpg,
16108.jpg,
16110.jpg,
16113.jpg,
16120.jpg,
16121.jpg,
16125.jpg,
16133.jpg,
16134.jpg,
16141.jpg,
16143.jpg,
16151.jpg,
16169.jpg,
16172.jpg,
16192.jpg,
16196.jpg,
16198.jpg,
16208.jpg,
16222.jpg,
16226.jpg,
16229.jpg,
16233.jpg,
16237.jpg,
16238.jpg,
16257.jpg,
16264.jpg,
16275.jpg,
16277.jpg,
1628.jpg,
16280.jpg,
16287.jpg,
16292.jpg,
16304.jpg,
16308.jpg,
16318.jpg,
16324.jpg,
16329.jpg,
16330.jpg,
16338.jpg,
16346.jpg,
16350.jpg,
16363.jpg,
16370.jpg,
16374.jpg,
16375.jpg,
16380.jpg,
16387.jpg,
16388.jpg,
16389.jpg,
16395.jpg,
16396.jpg,
1640.jpg,
16405.jpg,
16406.jpg,
16407.jpg,
16410.jpg,
16413.jpg,
16415.jpg,
16419.jpg,
16423.jpg,
16428.jpg,
16429.jpg,
16440.jpg,
16441.jpg,
16443.jpg,
16444.jpg,
1645.jpg,
16450.jpg,
16460.jpg,
16463.jpg,
16464.jpg,
16475.jpg,
16476.jpg,
16478.jpg,
16486.jpg,
16489.jpg,
16501.jpg,
16503.jpg,
16506.jpg,
16507.jpg,
16508.jpg,
16510.jpg,
16511.jpg,
16523.jpg,
16530.jpg,
16535.jpg,
16539.jpg,
1654.jpg,
16550.jpg,
16557.jpg,
16558.jpg,
16559.jpg,
1656.jpg,
16562.jpg,
16565.jpg,
16569.jpg,
1657.jpg,
16570.jpg,
16575.jpg,
16583.jpg,
16588.jpg,
16596.jpg,
1660.jpg,
16604.jpg,
16609.jpg,
16611.jpg,
16619.jpg,
16632.jpg,
16633.jpg,
16643.jpg,
16645.jpg,
16646.jpg,
16649.jpg,
16659.jpg,
16666.jpg,
16667.jpg,
16674.jpg,
16681.jpg,
16685.jpg,
1669.jpg,
16696.jpg,
16699.jpg,
167.jpg,
1670.jpg,
16700.jpg,
16706.jpg,
16710.jpg,
16711.jpg,
16712.jpg,
16714.jpg,
16718.jpg,
1672.jpg,
16721.jpg,
16734.jpg,
16738.jpg,
1675.jpg,
16751.jpg,
16752.jpg,
16756.jpg,
16759.jpg,
16764.jpg,
16768.jpg,
16770.jpg,
16774.jpg,
16775.jpg,
16776.jpg,
1678.jpg,
16783.jpg,
16787.jpg,
16788.jpg,
16792.jpg,
16795.jpg,
16798.jpg,
16799.jpg,
16802.jpg,
16809.jpg,
16811.jpg,
16817.jpg,
16818.jpg,
16821.jpg,
16823.jpg,
16829.jpg,
1683.jpg,
16830.jpg,
16837.jpg,
16839.jpg,
16845.jpg,
1685.jpg,
16860.jpg,
16863.jpg,
16875.jpg,
1688.jpg,
16886.jpg,
16890.jpg,
16895.jpg,
16901.jpg,
16915.jpg,
16930.jpg,
16938.jpg,
16947.jpg,
16952.jpg,
16954.jpg,
16959.jpg,
16962.jpg,
16964.jpg,
16967.jpg,
16969.jpg,
16971.jpg,
16977.jpg,
16980.jpg,
16985.jpg,
16989.jpg,
1699.jpg,
16990.jpg,
16995.jpg,
16999.jpg,
17002.jpg,
17003.jpg,
17007.jpg,
17010.jpg,
17011.jpg,
17015.jpg,
17016.jpg,
17018.jpg,
17019.jpg,
17021.jpg,
17022.jpg,
17024.jpg,
17027.jpg,
17028.jpg,
17032.jpg,
1704.jpg,
17041.jpg,
17044.jpg,
17053.jpg,
1707.jpg,
17085.jpg,
17098.jpg,
17099.jpg,
1710.jpg,
17100.jpg,
17104.jpg,
17105.jpg,
17107.jpg,
17114.jpg,
17117.jpg,
17128.jpg,
17131.jpg,
17137.jpg,
17148.jpg,
17157.jpg,
1716.jpg,
17161.jpg,
17163.jpg,
17167.jpg,
1717.jpg,
17170.jpg,
17177.jpg,
17180.jpg,
17186.jpg,
17188.jpg,
17191.jpg,
17194.jpg,
172.jpg,
17205.jpg,
17206.jpg,
17207.jpg,
17209.jpg,
17211.jpg,
17212.jpg,
17213.jpg,
17215.jpg,
17217.jpg,
1722.jpg,
17220.jpg,
17228.jpg,
17231.jpg,
17236.jpg,
17237.jpg,
17245.jpg,
17248.jpg,
17251.jpg,
17257.jpg,
17259.jpg,
17260.jpg,
17267.jpg,
1727.jpg,
17273.jpg,
17275.jpg,
17276.jpg,
17279.jpg,
17290.jpg,
17293.jpg,
17295.jpg,
17297.jpg,
17309.jpg,
17314.jpg,
17316.jpg,
17318.jpg,
17319.jpg,
17331.jpg,
17334.jpg,
17341.jpg,
17344.jpg,
17345.jpg,
1735.jpg,
17350.jpg,
17359.jpg,
1736.jpg,
17363.jpg,
17367.jpg,
17369.jpg,
1737.jpg,
17371.jpg,
1738.jpg,
17381.jpg,
17397.jpg,
17402.jpg,
17413.jpg,
17417.jpg,
17422.jpg,
17424.jpg,
17426.jpg,
17428.jpg,
17429.jpg,
17432.jpg,
17433.jpg,
17445.jpg,
17447.jpg,
17449.jpg,
17452.jpg,
17462.jpg,
17470.jpg,
17479.jpg,
17484.jpg,
17485.jpg,
17494.jpg,
17498.jpg,
1750.jpg,
17502.jpg,
17503.jpg,
17506.jpg,
1751.jpg,
17518.jpg,
17524.jpg,
17536.jpg,
17538.jpg,
17541.jpg,
17543.jpg,
17550.jpg,
17552.jpg,
17555.jpg,
17558.jpg,
1756.jpg,
17563.jpg,
17582.jpg,
17587.jpg,
1759.jpg,
17597.jpg,
17598.jpg,
176.jpg,
17607.jpg,
17609.jpg,
17610.jpg,
17624.jpg,
17625.jpg,
17631.jpg,
1764.jpg,
17647.jpg,
17654.jpg,
17662.jpg,
17666.jpg,
17668.jpg,
17678.jpg,
1768.jpg,
17682.jpg,
17684.jpg,
17685.jpg,
17692.jpg,
17693.jpg,
17694.jpg,
17695.jpg,
17698.jpg,
1770.jpg,
17700.jpg,
17702.jpg,
17705.jpg,
17707.jpg,
17710.jpg,
17713.jpg,
17715.jpg,
17717.jpg,
1772.jpg,
17730.jpg,
17731.jpg,
17735.jpg,
17736.jpg,
17746.jpg,
17752.jpg,
17762.jpg,
17763.jpg,
17767.jpg,
17772.jpg,
17775.jpg,
1778.jpg,
17784.jpg,
17787.jpg,
17790.jpg,
17794.jpg,
17799.jpg,
17802.jpg,
17815.jpg,
17816.jpg,
17821.jpg,
17831.jpg,
17834.jpg,
17837.jpg,
17845.jpg,
1785.jpg,
1787.jpg,
17886.jpg,
17887.jpg,
17901.jpg,
17904.jpg,
17906.jpg,
17910.jpg,
17912.jpg,
17919.jpg,
1793.jpg,
17930.jpg,
17932.jpg,
17934.jpg,
17936.jpg,
17939.jpg,
17952.jpg,
1796.jpg,
17973.jpg,
17980.jpg,
1799.jpg,
1800.jpg,
18001.jpg,
18006.jpg,
18010.jpg,
18016.jpg,
18018.jpg,
18025.jpg,
18026.jpg,
18033.jpg,
18035.jpg,
18037.jpg,
18038.jpg,
18047.jpg,
18050.jpg,
18067.jpg,
18068.jpg,
18073.jpg,
18077.jpg,
18080.jpg,
18082.jpg,
18101.jpg,
18104.jpg,
18106.jpg,
18108.jpg,
18117.jpg,
18120.jpg,
18130.jpg,
18132.jpg,
18140.jpg,
18142.jpg,
18148.jpg,
1815.jpg,
18161.jpg,
18165.jpg,
18166.jpg,
18168.jpg,
18173.jpg,
18180.jpg,
18181.jpg,
18183.jpg,
1819.jpg,
18193.jpg,
18198.jpg,
18200.jpg,
18203.jpg,
18205.jpg,
18208.jpg,
18223.jpg,
18226.jpg,
18237.jpg,
18245.jpg,
18247.jpg,
18249.jpg,
1825.jpg,
18250.jpg,
18254.jpg,
18256.jpg,
18259.jpg,
18260.jpg,
18270.jpg,
18281.jpg,
18284.jpg,
18285.jpg,
18288.jpg,
18291.jpg,
18297.jpg,
18299.jpg,
1830.jpg,
18300.jpg,
18301.jpg,
18308.jpg,
18309.jpg,
18312.jpg,
18313.jpg,
18317.jpg,
18321.jpg,
18325.jpg,
18336.jpg,
18339.jpg,
18345.jpg,
18349.jpg,
1835.jpg,
18361.jpg,
18364.jpg,
18367.jpg,
18376.jpg,
1838.jpg,
18380.jpg,
18381.jpg,
18383.jpg,
18388.jpg,
18389.jpg,
18393.jpg,
18404.jpg,
18405.jpg,
1841.jpg,
18415.jpg,
18424.jpg,
18425.jpg,
1843.jpg,
18431.jpg,
18436.jpg,
18442.jpg,
18443.jpg,
18445.jpg,
18457.jpg,
18459.jpg,
18464.jpg,
18466.jpg,
18469.jpg,
18471.jpg,
18475.jpg,
18476.jpg,
18483.jpg,
18487.jpg,
18492.jpg,
18497.jpg,
18503.jpg,
18505.jpg,
18513.jpg,
18517.jpg,
18521.jpg,
18523.jpg,
18527.jpg,
18531.jpg,
18534.jpg,
1854.jpg,
18541.jpg,
18542.jpg,
18545.jpg,
18550.jpg,
18554.jpg,
18555.jpg,
18556.jpg,
18565.jpg,
18566.jpg,
18568.jpg,
18569.jpg,
1857.jpg,
18573.jpg,
18574.jpg,
18577.jpg,
18578.jpg,
18588.jpg,
18593.jpg,
18602.jpg,
18610.jpg,
18613.jpg,
18615.jpg,
18617.jpg,
18619.jpg,
18631.jpg,
18633.jpg,
1864.jpg,
18641.jpg,
18655.jpg,
18658.jpg,
18662.jpg,
18678.jpg,
18687.jpg,
1869.jpg,
18695.jpg,
187.jpg,
18700.jpg,
18703.jpg,
18706.jpg,
18708.jpg,
18713.jpg,
18715.jpg,
18716.jpg,
18725.jpg,
18729.jpg,
1873.jpg,
18732.jpg,
18734.jpg,
1874.jpg,
18742.jpg,
18753.jpg,
18757.jpg,
18763.jpg,
18778.jpg,
18779.jpg,
18783.jpg,
18791.jpg,
1880.jpg,
18803.jpg,
18810.jpg,
18822.jpg,
18825.jpg,
18827.jpg,
18834.jpg,
18835.jpg,
18837.jpg,
18842.jpg,
18849.jpg,
18855.jpg,
18861.jpg,
18862.jpg,
18864.jpg,
1887.jpg,
18872.jpg,
18873.jpg,
18882.jpg,
18885.jpg,
18888.jpg,
18897.jpg,
18898.jpg,
18903.jpg,
18904.jpg,
18905.jpg,
18908.jpg,
18909.jpg,
1891.jpg,
18911.jpg,
18914.jpg,
1892.jpg,
18926.jpg,
18927.jpg,
18930.jpg,
18944.jpg,
18948.jpg,
18949.jpg,
18952.jpg,
1896.jpg,
18960.jpg,
18962.jpg,
1897.jpg,
18973.jpg,
18974.jpg,
18976.jpg,
18983.jpg,
18984.jpg,
18986.jpg,
1899.jpg,
18994.jpg,
19000.jpg,
19008.jpg,
19009.jpg,
19012.jpg,
19014.jpg,
19020.jpg,
19025.jpg,
19029.jpg,
19049.jpg,
19051.jpg,
19056.jpg,
19060.jpg,
19062.jpg,
19063.jpg,
19064.jpg,
19067.jpg,
19074.jpg,
1908.jpg,
19082.jpg,
19084.jpg,
19089.jpg,
19093.jpg,
19095.jpg,
19105.jpg,
19108.jpg,
1911.jpg,
19114.jpg,
19115.jpg,
19119.jpg,
19127.jpg,
19130.jpg,
19131.jpg,
19132.jpg,
19137.jpg,
1914.jpg,
19140.jpg,
19142.jpg,
19145.jpg,
19148.jpg,
19152.jpg,
19160.jpg,
19162.jpg,
19165.jpg,
19177.jpg,
19179.jpg,
19181.jpg,
19187.jpg,
19188.jpg,
1919.jpg,
192.jpg,
1920.jpg,
19204.jpg,
19210.jpg,
19214.jpg,
19216.jpg,
19226.jpg,
19234.jpg,
19235.jpg,
19245.jpg,
19252.jpg,
19259.jpg,
1926.jpg,
19263.jpg,
19267.jpg,
19268.jpg,
19269.jpg,
19274.jpg,
19284.jpg,
19285.jpg,
1929.jpg,
19291.jpg,
19292.jpg,
19303.jpg,
19309.jpg,
1931.jpg,
19314.jpg,
19317.jpg,
19318.jpg,
19323.jpg,
19329.jpg,
19340.jpg,
19346.jpg,
19349.jpg,
19357.jpg,
19362.jpg,
19364.jpg,
1937.jpg,
19370.jpg,
19373.jpg,
19377.jpg,
19378.jpg,
1938.jpg,
19384.jpg,
19389.jpg,
1939.jpg,
19390.jpg,
19392.jpg,
19398.jpg,
19402.jpg,
19411.jpg,
19422.jpg,
19431.jpg,
19435.jpg,
19438.jpg,
19449.jpg,
1945.jpg,
19454.jpg,
19461.jpg,
19470.jpg,
19473.jpg,
19476.jpg,
19477.jpg,
19478.jpg,
19485.jpg,
19486.jpg,
19492.jpg,
19495.jpg,
19496.jpg,
19497.jpg,
19499.jpg,
19514.jpg,
1952.jpg,
1953.jpg,
19531.jpg,
19533.jpg,
19535.jpg,
19536.jpg,
19548.jpg,
19549.jpg,
19559.jpg,
19568.jpg,
19571.jpg,
19578.jpg,
19581.jpg,
19589.jpg,
19590.jpg,
19591.jpg,
19594.jpg,
19597.jpg,
19599.jpg,
196.jpg,
19600.jpg,
19601.jpg,
19605.jpg,
19607.jpg,
19609.jpg,
19612.jpg,
19615.jpg,
19643.jpg,
19644.jpg,
19649.jpg,
19650.jpg,
1966.jpg,
19663.jpg,
19664.jpg,
19665.jpg,
19668.jpg,
19674.jpg,
19680.jpg,
19682.jpg,
19696.jpg,
19700.jpg,
19709.jpg,
19711.jpg,
1972.jpg,
19720.jpg,
1973.jpg,
19731.jpg,
19732.jpg,
19734.jpg,
1974.jpg,
19740.jpg,
19744.jpg,
19747.jpg,
19748.jpg,
19754.jpg,
19755.jpg,
19768.jpg,
19770.jpg,
19785.jpg,
19793.jpg,
19795.jpg,
19797.jpg,
19799.jpg,
19801.jpg,
19803.jpg,
19810.jpg,
19811.jpg,
19829.jpg,
1983.jpg,
19831.jpg,
19832.jpg,
19837.jpg,
19841.jpg,
19855.jpg,
1986.jpg,
19861.jpg,
19863.jpg,
19864.jpg,
19877.jpg,
1988.jpg,
19880.jpg,
19883.jpg,
19888.jpg,
19889.jpg,
19893.jpg,
19896.jpg,
19897.jpg,
19906.jpg,
19918.jpg,
1992.jpg,
19923.jpg,
19934.jpg,
1994.jpg,
19950.jpg,
19953.jpg,
19957.jpg,
19958.jpg,
19961.jpg,
19962.jpg,
19968.jpg,
19969.jpg,
19972.jpg,
19973.jpg,
19975.jpg,
19983.jpg,
19993.jpg,
19995.jpg,
20.jpg,
200.jpg,
20008.jpg,
2001.jpg,
20019.jpg,
20023.jpg,
20025.jpg,
20028.jpg,
20032.jpg,
20036.jpg,
20037.jpg,
20039.jpg,
20041.jpg,
20048.jpg,
20058.jpg,
2006.jpg,
20062.jpg,
20072.jpg,
20073.jpg,
20083.jpg,
20091.jpg,
201.jpg,
20104.jpg,
20111.jpg,
2012.jpg,
20120.jpg,
20122.jpg,
20135.jpg,
20140.jpg,
20146.jpg,
20148.jpg,
20150.jpg,
20155.jpg,
20157.jpg,
20162.jpg,
20165.jpg,
20167.jpg,
20171.jpg,
20181.jpg,
2019.jpg,
20192.jpg,
20193.jpg,
20194.jpg,
20196.jpg,
20208.jpg,
20213.jpg,
20214.jpg,
20216.jpg,
20217.jpg,
20218.jpg,
20222.jpg,
20223.jpg,
20227.jpg,
20229.jpg,
20239.jpg,
20252.jpg,
20257.jpg,
20262.jpg,
20265.jpg,
20267.jpg,
20272.jpg,
20274.jpg,
20285.jpg,
20287.jpg,
20289.jpg,
20290.jpg,
20293.jpg,
20296.jpg,
20298.jpg,
20301.jpg,
20303.jpg,
20312.jpg,
20313.jpg,
20318.jpg,
20328.jpg,
20337.jpg,
20353.jpg,
20355.jpg,
20360.jpg,
20365.jpg,
20369.jpg,
20371.jpg,
20372.jpg,
20373.jpg,
20374.jpg,
20377.jpg,
20387.jpg,
2039.jpg,
20395.jpg,
20400.jpg,
20407.jpg,
20411.jpg,
20412.jpg,
20416.jpg,
20424.jpg,
20430.jpg,
20432.jpg,
2044.jpg,
20445.jpg,
20450.jpg,
20451.jpg,
20461.jpg,
20467.jpg,
20468.jpg,
20469.jpg,
2047.jpg,
20476.jpg,
20490.jpg,
20495.jpg,
2050.jpg,
20500.jpg,
20505.jpg,
20507.jpg,
20508.jpg,
20511.jpg,
20514.jpg,
20517.jpg,
20519.jpg,
20526.jpg,
2053.jpg,
20532.jpg,
20547.jpg,
20549.jpg,
2055.jpg,
20560.jpg,
20561.jpg,
20563.jpg,
20567.jpg,
20573.jpg,
20579.jpg,
2058.jpg,
20580.jpg,
20584.jpg,
20588.jpg,
20589.jpg,
20594.jpg,
20595.jpg,
20598.jpg,
20603.jpg,
20616.jpg,
20617.jpg,
20621.jpg,
20629.jpg,
20630.jpg,
20635.jpg,
2064.jpg,
20640.jpg,
20650.jpg,
20653.jpg,
20656.jpg,
20664.jpg,
20665.jpg,
20666.jpg,
20667.jpg,
20670.jpg,
20673.jpg,
20675.jpg,
2068.jpg,
20680.jpg,
20684.jpg,
20685.jpg,
20686.jpg,
2069.jpg,
20691.jpg,
20715.jpg,
20736.jpg,
20737.jpg,
20739.jpg,
20745.jpg,
20750.jpg,
20761.jpg,
20786.jpg,
20796.jpg,
20814.jpg,
20817.jpg,
20821.jpg,
20829.jpg,
20831.jpg,
20833.jpg,
2084.jpg,
20843.jpg,
20849.jpg,
20850.jpg,
20851.jpg,
20855.jpg,
20856.jpg,
20857.jpg,
20865.jpg,
20866.jpg,
20875.jpg,
20882.jpg,
20889.jpg,
20892.jpg,
20893.jpg,
20897.jpg,
2090.jpg,
20908.jpg,
2091.jpg,
20918.jpg,
20933.jpg,
20935.jpg,
20941.jpg,
20945.jpg,
20947.jpg,
20948.jpg,
20949.jpg,
20958.jpg,
20964.jpg,
20967.jpg,
20970.jpg,
20972.jpg,
20979.jpg,
2098.jpg,
20984.jpg,
20988.jpg,
20989.jpg,
20994.jpg,
21.jpg,
210.jpg,
21005.jpg,
21006.jpg,
21025.jpg,
21027.jpg,
21029.jpg,
21030.jpg,
21033.jpg,
21036.jpg,
21044.jpg,
21068.jpg,
21070.jpg,
21072.jpg,
21074.jpg,
21077.jpg,
21078.jpg,
21082.jpg,
21092.jpg,
21097.jpg,
21098.jpg,
21099.jpg,
21101.jpg,
21102.jpg,
21104.jpg,
21111.jpg,
21120.jpg,
21131.jpg,
21135.jpg,
2114.jpg,
21143.jpg,
21148.jpg,
21150.jpg,
21151.jpg,
21153.jpg,
21154.jpg,
21161.jpg,
21166.jpg,
21167.jpg,
2117.jpg,
21173.jpg,
21177.jpg,
21185.jpg,
2119.jpg,
21199.jpg,
2120.jpg,
21200.jpg,
21201.jpg,
21210.jpg,
21217.jpg,
2122.jpg,
21221.jpg,
21227.jpg,
21230.jpg,
21233.jpg,
21235.jpg,
21239.jpg,
21249.jpg,
21250.jpg,
21265.jpg,
21269.jpg,
21275.jpg,
21280.jpg,
21282.jpg,
21284.jpg,
21292.jpg,
21299.jpg,
213.jpg,
21305.jpg,
21311.jpg,
21312.jpg,
21314.jpg,
21316.jpg,
21324.jpg,
2133.jpg,
21337.jpg,
21348.jpg,
2135.jpg,
21351.jpg,
21352.jpg,
21360.jpg,
2137.jpg,
21371.jpg,
21374.jpg,
21376.jpg,
21377.jpg,
21384.jpg,
21386.jpg,
21387.jpg,
21393.jpg,
21394.jpg,
21404.jpg,
21417.jpg,
2142.jpg,
21420.jpg,
21428.jpg,
21434.jpg,
21439.jpg,
21441.jpg,
21447.jpg,
21451.jpg,
21455.jpg,
2146.jpg,
21460.jpg,
21461.jpg,
21464.jpg,
21468.jpg,
21470.jpg,
21472.jpg,
21473.jpg,
21475.jpg,
21483.jpg,
2149.jpg,
21499.jpg,
21500.jpg,
21501.jpg,
21511.jpg,
21512.jpg,
2152.jpg,
21520.jpg,
21524.jpg,
21531.jpg,
21535.jpg,
21538.jpg,
21541.jpg,
21545.jpg,
21549.jpg,
21556.jpg,
21557.jpg,
21559.jpg,
2156.jpg,
2157.jpg,
21570.jpg,
21573.jpg,
21574.jpg,
21578.jpg,
21587.jpg,
21589.jpg,
2159.jpg,
21593.jpg,
21598.jpg,
21602.jpg,
21605.jpg,
21615.jpg,
21618.jpg,
21632.jpg,
21638.jpg,
21654.jpg,
21658.jpg,
21663.jpg,
21666.jpg,
21670.jpg,
2168.jpg,
21681.jpg,
21686.jpg,
21695.jpg,
21697.jpg,
21699.jpg,
217.jpg,
21703.jpg,
21708.jpg,
21715.jpg,
2172.jpg,
21720.jpg,
21723.jpg,
2173.jpg,
21730.jpg,
21744.jpg,
21750.jpg,
21752.jpg,
2176.jpg,
21765.jpg,
21766.jpg,
21769.jpg,
21778.jpg,
2178.jpg,
21782.jpg,
21783.jpg,
21787.jpg,
21794.jpg,
21807.jpg,
21812.jpg,
21817.jpg,
2182.jpg,
21822.jpg,
21824.jpg,
21825.jpg,
21833.jpg,
21834.jpg,
21835.jpg,
21836.jpg,
2184.jpg,
21846.jpg,
21851.jpg,
21852.jpg,
21858.jpg,
21862.jpg,
21865.jpg,
21876.jpg,
21877.jpg,
21880.jpg,
21887.jpg,
21896.jpg,
21899.jpg,
21906.jpg,
21916.jpg,
21921.jpg,
21922.jpg,
21927.jpg,
2194.jpg,
21942.jpg,
21943.jpg,
21946.jpg,
2195.jpg,
21961.jpg,
21962.jpg,
21967.jpg,
21968.jpg,
21971.jpg,
21973.jpg,
21978.jpg,
21987.jpg,
21988.jpg,
21990.jpg,
2200.jpg,
22004.jpg,
22019.jpg,
22023.jpg,
22025.jpg,
22028.jpg,
22032.jpg,
2204.jpg,
22050.jpg,
22051.jpg,
22056.jpg,
22064.jpg,
22067.jpg,
2207.jpg,
22074.jpg,
22080.jpg,
22088.jpg,
22089.jpg,
22091.jpg,
22095.jpg,
22097.jpg,
22102.jpg,
22111.jpg,
22117.jpg,
22123.jpg,
22128.jpg,
22130.jpg,
22131.jpg,
22138.jpg,
22140.jpg,
22150.jpg,
22154.jpg,
2216.jpg,
22166.jpg,
22178.jpg,
22179.jpg,
22183.jpg,
22184.jpg,
22191.jpg,
22194.jpg,
22198.jpg,
22201.jpg,
2223.jpg,
22241.jpg,
22247.jpg,
2225.jpg,
22255.jpg,
2226.jpg,
22267.jpg,
2227.jpg,
22271.jpg,
22278.jpg,
2228.jpg,
22289.jpg,
22290.jpg,
22292.jpg,
22301.jpg,
22305.jpg,
22309.jpg,
2231.jpg,
22319.jpg,
22320.jpg,
22322.jpg,
22325.jpg,
22326.jpg,
22334.jpg,
22335.jpg,
22336.jpg,
2234.jpg,
22340.jpg,
22346.jpg,
22347.jpg,
22349.jpg,
22351.jpg,
22354.jpg,
22357.jpg,
22372.jpg,
22375.jpg,
2238.jpg,
22380.jpg,
22388.jpg,
2239.jpg,
22390.jpg,
22395.jpg,
224.jpg,
22403.jpg,
22410.jpg,
22416.jpg,
22419.jpg,
22424.jpg,
22442.jpg,
22448.jpg,
22449.jpg,
22452.jpg,
22457.jpg,
22458.jpg,
22459.jpg,
22466.jpg,
22482.jpg,
22485.jpg,
22497.jpg,
22506.jpg,
22508.jpg,
22509.jpg,
22516.jpg,
22517.jpg,
22520.jpg,
22521.jpg,
22525.jpg,
22532.jpg,
22545.jpg,
2256.jpg,
22560.jpg,
22571.jpg,
22574.jpg,
22576.jpg,
22587.jpg,
22600.jpg,
22602.jpg,
22604.jpg,
22607.jpg,
22612.jpg,
22614.jpg,
22617.jpg,
22619.jpg,
22627.jpg,
22631.jpg,
22640.jpg,
22651.jpg,
22655.jpg,
22662.jpg,
22666.jpg,
22671.jpg,
22679.jpg,
22688.jpg,
22690.jpg,
22691.jpg,
22695.jpg,
22704.jpg,
22711.jpg,
22720.jpg,
2273.jpg,
22733.jpg,
22739.jpg,
22741.jpg,
2275.jpg,
22750.jpg,
22754.jpg,
22756.jpg,
22761.jpg,
22763.jpg,
22765.jpg,
22766.jpg,
22771.jpg,
22774.jpg,
22778.jpg,
2278.jpg,
22784.jpg,
22787.jpg,
22789.jpg,
2279.jpg,
22791.jpg,
22804.jpg,
22805.jpg,
22807.jpg,
22808.jpg,
22810.jpg,
22816.jpg,
2282.jpg,
22820.jpg,
22827.jpg,
22832.jpg,
22834.jpg,
22839.jpg,
2284.jpg,
22840.jpg,
22863.jpg,
22864.jpg,
22867.jpg,
2287.jpg,
22886.jpg,
22894.jpg,
2290.jpg,
22900.jpg,
22910.jpg,
22916.jpg,
22917.jpg,
22921.jpg,
22924.jpg,
2293.jpg,
22935.jpg,
22937.jpg,
22944.jpg,
22961.jpg,
22974.jpg,
22977.jpg,
22987.jpg,
22988.jpg,
22989.jpg,
22990.jpg,
22991.jpg,
22992.jpg,
22997.jpg,
23.jpg,
23008.jpg,
23012.jpg,
23028.jpg,
2303.jpg,
23038.jpg,
23039.jpg,
23041.jpg,
2305.jpg,
23053.jpg,
23054.jpg,
23057.jpg,
23059.jpg,
23060.jpg,
2307.jpg,
2308.jpg,
23083.jpg,
23085.jpg,
23096.jpg,
231.jpg,
23100.jpg,
23101.jpg,
23103.jpg,
23114.jpg,
23119.jpg,
2312.jpg,
23122.jpg,
23126.jpg,
23141.jpg,
23142.jpg,
23151.jpg,
23153.jpg,
23155.jpg,
23164.jpg,
23167.jpg,
23170.jpg,
23172.jpg,
23184.jpg,
23186.jpg,
23192.jpg,
23194.jpg,
23204.jpg,
23209.jpg,
23215.jpg,
23216.jpg,
23220.jpg,
23224.jpg,
23230.jpg,
23238.jpg,
2324.jpg,
23244.jpg,
23246.jpg,
23260.jpg,
2327.jpg,
23272.jpg,
23291.jpg,
23293.jpg,
23297.jpg,
23304.jpg,
23305.jpg,
23319.jpg,
23320.jpg,
23321.jpg,
23327.jpg,
23328.jpg,
23332.jpg,
23334.jpg,
23341.jpg,
23343.jpg,
23346.jpg,
23348.jpg,
23362.jpg,
23368.jpg,
23374.jpg,
23377.jpg,
23380.jpg,
23381.jpg,
23386.jpg,
23389.jpg,
23396.jpg,
23403.jpg,
23404.jpg,
23407.jpg,
23413.jpg,
23419.jpg,
23427.jpg,
23430.jpg,
23433.jpg,
23440.jpg,
23447.jpg,
23452.jpg,
23453.jpg,
23457.jpg,
23462.jpg,
23463.jpg,
23468.jpg,
23470.jpg,
23471.jpg,
23473.jpg,
23477.jpg,
23483.jpg,
23487.jpg,
23488.jpg,
2350.jpg,
23501.jpg,
23507.jpg,
23517.jpg,
23521.jpg,
23525.jpg,
23532.jpg,
23540.jpg,
23542.jpg,
23549.jpg,
23555.jpg,
23559.jpg,
23561.jpg,
23562.jpg,
23565.jpg,
23566.jpg,
2357.jpg,
23572.jpg,
23584.jpg,
23590.jpg,
23601.jpg,
23609.jpg,
23612.jpg,
23621.jpg,
23623.jpg,
23634.jpg,
23654.jpg,
23658.jpg,
23661.jpg,
23662.jpg,
23664.jpg,
23665.jpg,
23666.jpg,
23667.jpg,
2367.jpg,
23675.jpg,
23691.jpg,
23700.jpg,
23715.jpg,
23718.jpg,
23722.jpg,
23725.jpg,
23731.jpg,
23739.jpg,
2374.jpg,
23741.jpg,
23747.jpg,
23748.jpg,
23749.jpg,
23751.jpg,
23760.jpg,
23764.jpg,
23767.jpg,
2377.jpg,
23770.jpg,
23778.jpg,
23779.jpg,
2378.jpg,
23780.jpg,
23781.jpg,
23783.jpg,
23786.jpg,
23791.jpg,
23792.jpg,
23794.jpg,
23801.jpg,
23813.jpg,
23814.jpg,
23817.jpg,
23829.jpg,
23832.jpg,
23847.jpg,
23848.jpg,
23853.jpg,
23858.jpg,
23862.jpg,
23865.jpg,
23866.jpg,
23869.jpg,
23876.jpg,
23884.jpg,
23885.jpg,
23886.jpg,
23891.jpg,
23893.jpg,
23897.jpg,
23901.jpg,
23905.jpg,
2391.jpg,
23915.jpg,
23917.jpg,
23920.jpg,
23929.jpg,
23933.jpg,
23941.jpg,
23943.jpg,
23945.jpg,
23946.jpg,
23948.jpg,
23949.jpg,
23965.jpg,
23968.jpg,
23978.jpg,
23991.jpg,
24003.jpg,
24013.jpg,
24016.jpg,
24022.jpg,
24027.jpg,
2403.jpg,
24031.jpg,
24035.jpg,
24046.jpg,
24050.jpg,
24051.jpg,
24054.jpg,
24055.jpg,
24057.jpg,
24065.jpg,
24066.jpg,
24067.jpg,
2407.jpg,
24071.jpg,
24077.jpg,
24079.jpg,
24087.jpg,
24088.jpg,
24089.jpg,
24099.jpg,
24101.jpg,
24104.jpg,
24105.jpg,
2411.jpg,
2412.jpg,
24123.jpg,
24131.jpg,
24133.jpg,
24137.jpg,
24143.jpg,
24148.jpg,
24156.jpg,
2416.jpg,
24160.jpg,
24161.jpg,
24163.jpg,
24165.jpg,
24167.jpg,
24168.jpg,
24173.jpg,
24174.jpg,
24175.jpg,
24176.jpg,
24179.jpg,
2418.jpg,
24182.jpg,
24183.jpg,
24184.jpg,
24185.jpg,
24187.jpg,
24189.jpg,
24200.jpg,
24201.jpg,
2421.jpg,
24211.jpg,
24213.jpg,
24217.jpg,
24219.jpg,
24220.jpg,
24224.jpg,
24232.jpg,
24239.jpg,
2424.jpg,
24241.jpg,
24247.jpg,
24252.jpg,
24259.jpg,
2426.jpg,
24263.jpg,
2427.jpg,
24286.jpg,
24289.jpg,
24291.jpg,
24292.jpg,
24297.jpg,
24299.jpg,
2431.jpg,
24329.jpg,
24340.jpg,
24347.jpg,
24354.jpg,
24355.jpg,
24358.jpg,
2436.jpg,
24360.jpg,
24363.jpg,
24378.jpg,
24380.jpg,
24384.jpg,
24390.jpg,
24391.jpg,
24393.jpg,
24395.jpg,
24404.jpg,
24410.jpg,
24411.jpg,
24412.jpg,
24415.jpg,
24420.jpg,
24421.jpg,
24428.jpg,
2443.jpg,
24432.jpg,
24433.jpg,
24435.jpg,
24437.jpg,
24441.jpg,
24443.jpg,
24452.jpg,
24460.jpg,
24465.jpg,
24466.jpg,
24473.jpg,
24479.jpg,
2448.jpg,
24482.jpg,
24490.jpg,
24492.jpg,
245.jpg,
2450.jpg,
24501.jpg,
24509.jpg,
2451.jpg,
24521.jpg,
24530.jpg,
24531.jpg,
24535.jpg,
24536.jpg,
24539.jpg,
24542.jpg,
24543.jpg,
24545.jpg,
24554.jpg,
24557.jpg,
24562.jpg,
24570.jpg,
24573.jpg,
24575.jpg,
24578.jpg,
24579.jpg,
2458.jpg,
24582.jpg,
24607.jpg,
2461.jpg,
24621.jpg,
24625.jpg,
24633.jpg,
24643.jpg,
24646.jpg,
24652.jpg,
24656.jpg,
24660.jpg,
24664.jpg,
24668.jpg,
24678.jpg,
24680.jpg,
24692.jpg,
24694.jpg,
24699.jpg,
247.jpg,
24711.jpg,
24718.jpg,
2472.jpg,
24721.jpg,
24725.jpg,
24731.jpg,
24736.jpg,
24747.jpg,
24753.jpg,
24756.jpg,
2476.jpg,
24763.jpg,
24764.jpg,
24768.jpg,
24769.jpg,
24774.jpg,
24777.jpg,
24778.jpg,
24779.jpg,
2478.jpg,
24783.jpg,
24785.jpg,
24789.jpg,
24797.jpg,
24798.jpg,
24815.jpg,
24819.jpg,
24820.jpg,
24821.jpg,
24822.jpg,
24823.jpg,
2483.jpg,
2484.jpg,
24845.jpg,
2485.jpg,
2486.jpg,
2487.jpg,
24877.jpg,
24880.jpg,
24881.jpg,
24884.jpg,
24886.jpg,
24893.jpg,
249.jpg,
24904.jpg,
24906.jpg,
24909.jpg,
24910.jpg,
24912.jpg,
24916.jpg,
2492.jpg,
24921.jpg,
24931.jpg,
24942.jpg,
24946.jpg,
24948.jpg,
24959.jpg,
2496.jpg,
24962.jpg,
24963.jpg,
24964.jpg,
24967.jpg,
24978.jpg,
2498.jpg,
2499.jpg,
24991.jpg,
24992.jpg,
25006.jpg,
25007.jpg,
25010.jpg,
25017.jpg,
25018.jpg,
2502.jpg,
25021.jpg,
25025.jpg,
25028.jpg,
25036.jpg,
25037.jpg,
25039.jpg,
25044.jpg,
25045.jpg,
25046.jpg,
25048.jpg,
25055.jpg,
25058.jpg,
25061.jpg,
25074.jpg,
25078.jpg,
25082.jpg,
25087.jpg,
25088.jpg,
25089.jpg,
25099.jpg,
251.jpg,
2510.jpg,
25101.jpg,
25107.jpg,
25108.jpg,
25109.jpg,
2511.jpg,
25117.jpg,
25123.jpg,
25126.jpg,
25131.jpg,
25133.jpg,
25143.jpg,
25144.jpg,
25151.jpg,
25162.jpg,
25163.jpg,
25180.jpg,
25186.jpg,
25188.jpg,
25191.jpg,
25199.jpg,
25202.jpg,
25209.jpg,
25211.jpg,
25220.jpg,
25223.jpg,
25229.jpg,
25231.jpg,
25234.jpg,
25240.jpg,
25242.jpg,
25247.jpg,
25250.jpg,
25255.jpg,
25267.jpg,
25271.jpg,
25275.jpg,
25280.jpg,
25281.jpg,
25287.jpg,
2529.jpg,
25295.jpg,
25298.jpg,
2530.jpg,
25306.jpg,
25318.jpg,
25319.jpg,
25322.jpg,
25327.jpg,
25328.jpg,
2533.jpg,
25330.jpg,
25337.jpg,
25342.jpg,
25343.jpg,
25348.jpg,
2535.jpg,
25351.jpg,
25356.jpg,
25359.jpg,
25360.jpg,
25372.jpg,
25379.jpg,
25381.jpg,
25383.jpg,
2539.jpg,
25390.jpg,
25391.jpg,
25396.jpg,
25397.jpg,
25401.jpg,
25402.jpg,
25409.jpg,
25410.jpg,
25412.jpg,
25414.jpg,
25416.jpg,
25420.jpg,
25425.jpg,
25431.jpg,
25435.jpg,
25438.jpg,
25439.jpg,
25443.jpg,
25451.jpg,
25454.jpg,
2546.jpg,
25472.jpg,
25481.jpg,
25492.jpg,
25496.jpg,
25497.jpg,
25507.jpg,
25510.jpg,
25517.jpg,
25520.jpg,
25528.jpg,
25529.jpg,
25533.jpg,
25537.jpg,
25538.jpg,
25539.jpg,
2554.jpg,
25541.jpg,
25542.jpg,
25555.jpg,
2556.jpg,
25563.jpg,
2557.jpg,
25570.jpg,
25571.jpg,
25573.jpg,
25576.jpg,
25577.jpg,
25578.jpg,
2558.jpg,
25582.jpg,
2559.jpg,
25590.jpg,
25593.jpg,
25597.jpg,
256.jpg,
25602.jpg,
25604.jpg,
25605.jpg,
25610.jpg,
25612.jpg,
25615.jpg,
25621.jpg,
25627.jpg,
25632.jpg,
25635.jpg,
25636.jpg,
25638.jpg,
2564.jpg,
25643.jpg,
25647.jpg,
25649.jpg,
2565.jpg,
25652.jpg,
25658.jpg,
25668.jpg,
25674.jpg,
25678.jpg,
25681.jpg,
25682.jpg,
25685.jpg,
25686.jpg,
25687.jpg,
25688.jpg,
25695.jpg,
25701.jpg,
25705.jpg,
25709.jpg,
25710.jpg,
25714.jpg,
25719.jpg,
25720.jpg,
25723.jpg,
25742.jpg,
25743.jpg,
25744.jpg,
25747.jpg,
25759.jpg,
25773.jpg,
25775.jpg,
25778.jpg,
25781.jpg,
25795.jpg,
25797.jpg,
258.jpg,
25800.jpg,
25808.jpg,
25809.jpg,
2581.jpg,
25810.jpg,
25811.jpg,
25813.jpg,
25818.jpg,
25819.jpg,
25820.jpg,
25832.jpg,
25839.jpg,
25841.jpg,
25843.jpg,
25844.jpg,
25874.jpg,
25876.jpg,
2588.jpg,
25886.jpg,
25887.jpg,
25891.jpg,
25895.jpg,
259.jpg,
25902.jpg,
25906.jpg,
25914.jpg,
25915.jpg,
25919.jpg,
2592.jpg,
25920.jpg,
25927.jpg,
2593.jpg,
25937.jpg,
25944.jpg,
25949.jpg,
25959.jpg,
25961.jpg,
25969.jpg,
25973.jpg,
25978.jpg,
25979.jpg,
25983.jpg,
25985.jpg,
25993.jpg,
25994.jpg,
26005.jpg,
26006.jpg,
26016.jpg,
26018.jpg,
26023.jpg,
26025.jpg,
2603.jpg,
26032.jpg,
26034.jpg,
26038.jpg,
26040.jpg,
26041.jpg,
26046.jpg,
26049.jpg,
26056.jpg,
26059.jpg,
26067.jpg,
26069.jpg,
26076.jpg,
26077.jpg,
26079.jpg,
26081.jpg,
26082.jpg,
26087.jpg,
26091.jpg,
26097.jpg,
26098.jpg,
26101.jpg,
26102.jpg,
26107.jpg,
2611.jpg,
26121.jpg,
26124.jpg,
2613.jpg,
26131.jpg,
26133.jpg,
26134.jpg,
26137.jpg,
2615.jpg,
26159.jpg,
26160.jpg,
26161.jpg,
26163.jpg,
26169.jpg,
26175.jpg,
26177.jpg,
26181.jpg,
26185.jpg,
26187.jpg,
2619.jpg,
26190.jpg,
26192.jpg,
26198.jpg,
2620.jpg,
26200.jpg,
26209.jpg,
26210.jpg,
26212.jpg,
26223.jpg,
26224.jpg,
26227.jpg,
26237.jpg,
26243.jpg,
26248.jpg,
26249.jpg,
26250.jpg,
26264.jpg,
26267.jpg,
26269.jpg,
26270.jpg,
26275.jpg,
26283.jpg,
2629.jpg,
26292.jpg,
26304.jpg,
26313.jpg,
26318.jpg,
26321.jpg,
2633.jpg,
26337.jpg,
26338.jpg,
26339.jpg,
2634.jpg,
26344.jpg,
26346.jpg,
2635.jpg,
26355.jpg,
26363.jpg,
26364.jpg,
26368.jpg,
26370.jpg,
26377.jpg,
26378.jpg,
26385.jpg,
26394.jpg,
26397.jpg,
26398.jpg,
264.jpg,
2640.jpg,
26402.jpg,
26404.jpg,
26409.jpg,
2641.jpg,
26411.jpg,
26437.jpg,
26443.jpg,
26446.jpg,
26452.jpg,
26453.jpg,
26454.jpg,
26455.jpg,
26456.jpg,
26459.jpg,
26462.jpg,
26464.jpg,
26468.jpg,
26469.jpg,
26477.jpg,
26483.jpg,
26484.jpg,
26487.jpg,
2649.jpg,
26495.jpg,
26500.jpg,
26501.jpg,
2651.jpg,
26511.jpg,
26539.jpg,
26543.jpg,
2655.jpg,
26556.jpg,
26563.jpg,
26566.jpg,
2657.jpg,
26572.jpg,
26573.jpg,
26578.jpg,
26581.jpg,
26582.jpg,
26586.jpg,
26597.jpg,
26600.jpg,
26612.jpg,
26618.jpg,
26620.jpg,
26626.jpg,
26647.jpg,
26654.jpg,
26660.jpg,
26665.jpg,
26667.jpg,
26670.jpg,
26675.jpg,
26676.jpg,
2668.jpg,
26682.jpg,
26683.jpg,
26702.jpg,
26703.jpg,
26708.jpg,
26715.jpg,
26720.jpg,
26725.jpg,
26726.jpg,
26736.jpg,
26747.jpg,
26767.jpg,
2677.jpg,
26771.jpg,
26772.jpg,
26775.jpg,
2678.jpg,
26789.jpg,
26800.jpg,
2681.jpg,
26819.jpg,
26825.jpg,
26833.jpg,
26834.jpg,
26839.jpg,
26840.jpg,
26842.jpg,
26845.jpg,
26850.jpg,
26851.jpg,
26859.jpg,
26860.jpg,
26873.jpg,
26886.jpg,
26888.jpg,
26891.jpg,
26892.jpg,
26895.jpg,
26899.jpg,
2690.jpg,
26900.jpg,
26901.jpg,
26906.jpg,
26907.jpg,
26909.jpg,
26910.jpg,
26913.jpg,
26914.jpg,
26916.jpg,
26919.jpg,
26927.jpg,
26928.jpg,
26935.jpg,
26944.jpg,
26956.jpg,
26959.jpg,
26960.jpg,
26961.jpg,
26963.jpg,
26967.jpg,
26970.jpg,
26973.jpg,
26978.jpg,
26980.jpg,
26981.jpg,
2699.jpg,
270.jpg,
27005.jpg,
27006.jpg,
27016.jpg,
27022.jpg,
27025.jpg,
27027.jpg,
27035.jpg,
27039.jpg,
27048.jpg,
27051.jpg,
27052.jpg,
27054.jpg,
27070.jpg,
27077.jpg,
2709.jpg,
27094.jpg,
27098.jpg,
2710.jpg,
27103.jpg,
27105.jpg,
27106.jpg,
27115.jpg,
27117.jpg,
2712.jpg,
27124.jpg,
27125.jpg,
27128.jpg,
27140.jpg,
27145.jpg,
27152.jpg,
27162.jpg,
27165.jpg,
27172.jpg,
27174.jpg,
27187.jpg,
27190.jpg,
27193.jpg,
27196.jpg,
27197.jpg,
27204.jpg,
27212.jpg,
27218.jpg,
27227.jpg,
27229.jpg,
27240.jpg,
27246.jpg,
27258.jpg,
2727.jpg,
27270.jpg,
27273.jpg,
27277.jpg,
27284.jpg,
27292.jpg,
27294.jpg,
27296.jpg,
27299.jpg,
273.jpg,
2730.jpg,
27300.jpg,
27305.jpg,
27306.jpg,
27308.jpg,
2732.jpg,
27321.jpg,
27325.jpg,
27326.jpg,
27328.jpg,
27329.jpg,
27333.jpg,
27334.jpg,
27350.jpg,
27359.jpg,
27363.jpg,
27365.jpg,
27367.jpg,
27369.jpg,
27385.jpg,
27400.jpg,
27404.jpg,
27405.jpg,
27407.jpg,
27410.jpg,
27413.jpg,
2742.jpg,
27426.jpg,
2744.jpg,
27446.jpg,
2745.jpg,
27450.jpg,
27452.jpg,
27461.jpg,
27464.jpg,
27465.jpg,
2747.jpg,
27471.jpg,
27474.jpg,
2748.jpg,
27483.jpg,
27488.jpg,
2750.jpg,
27503.jpg,
27508.jpg,
27509.jpg,
2751.jpg,
27518.jpg,
27522.jpg,
2753.jpg,
27533.jpg,
2754.jpg,
27544.jpg,
27554.jpg,
27561.jpg,
27562.jpg,
27563.jpg,
27566.jpg,
27575.jpg,
27576.jpg,
27577.jpg,
2758.jpg,
27585.jpg,
27586.jpg,
27588.jpg,
2759.jpg,
27591.jpg,
27594.jpg,
27597.jpg,
276.jpg,
2761.jpg,
27616.jpg,
27619.jpg,
2762.jpg,
27625.jpg,
27629.jpg,
27635.jpg,
27636.jpg,
27642.jpg,
27645.jpg,
27646.jpg,
27647.jpg,
27648.jpg,
27650.jpg,
27652.jpg,
27662.jpg,
27671.jpg,
27675.jpg,
27681.jpg,
27683.jpg,
27692.jpg,
27694.jpg,
27696.jpg,
2770.jpg,
27701.jpg,
27704.jpg,
27709.jpg,
2771.jpg,
27715.jpg,
27719.jpg,
27726.jpg,
27737.jpg,
2774.jpg,
27744.jpg,
27752.jpg,
27756.jpg,
27759.jpg,
27764.jpg,
27767.jpg,
27770.jpg,
27772.jpg,
27774.jpg,
27776.jpg,
27777.jpg,
27779.jpg,
27788.jpg,
27798.jpg,
27803.jpg,
27806.jpg,
27810.jpg,
27823.jpg,
27828.jpg,
27846.jpg,
2785.jpg,
27854.jpg,
27864.jpg,
27868.jpg,
27873.jpg,
2788.jpg,
27887.jpg,
27889.jpg,
2789.jpg,
27899.jpg,
2790.jpg,
2791.jpg,
27910.jpg,
27913.jpg,
27916.jpg,
27919.jpg,
2792.jpg,
27926.jpg,
27928.jpg,
27931.jpg,
27932.jpg,
27933.jpg,
27937.jpg,
27940.jpg,
27944.jpg,
27948.jpg,
27949.jpg,
2796.jpg,
27967.jpg,
27973.jpg,
27979.jpg,
27982.jpg,
27985.jpg,
27993.jpg,
27995.jpg,
28005.jpg,
28007.jpg,
28014.jpg,
28015.jpg,
28025.jpg,
2803.jpg,
28040.jpg,
28046.jpg,
2805.jpg,
28050.jpg,
28053.jpg,
28058.jpg,
2806.jpg,
28062.jpg,
28073.jpg,
28076.jpg,
28082.jpg,
28084.jpg,
28091.jpg,
2810.jpg,
28100.jpg,
28101.jpg,
28105.jpg,
28108.jpg,
28115.jpg,
28120.jpg,
28130.jpg,
28137.jpg,
28138.jpg,
28140.jpg,
28143.jpg,
28144.jpg,
28148.jpg,
28149.jpg,
28153.jpg,
2816.jpg,
28171.jpg,
28182.jpg,
28189.jpg,
2820.jpg,
28207.jpg,
28210.jpg,
28219.jpg,
28230.jpg,
28235.jpg,
28236.jpg,
28243.jpg,
28248.jpg,
28249.jpg,
28251.jpg,
28252.jpg,
28256.jpg,
28264.jpg,
28267.jpg,
28269.jpg,
28272.jpg,
28273.jpg,
28278.jpg,
28282.jpg,
28287.jpg,
28288.jpg,
2829.jpg,
28294.jpg,
28296.jpg,
28298.jpg,
28300.jpg,
28308.jpg,
28328.jpg,
28331.jpg,
28332.jpg,
28335.jpg,
28342.jpg,
2835.jpg,
28359.jpg,
28367.jpg,
2837.jpg,
28370.jpg,
28376.jpg,
28379.jpg,
28383.jpg,
28390.jpg,
28396.jpg,
28401.jpg,
28415.jpg,
28417.jpg,
28421.jpg,
28424.jpg,
28426.jpg,
28438.jpg,
28441.jpg,
28448.jpg,
28453.jpg,
28465.jpg,
28471.jpg,
28474.jpg,
28476.jpg,
28478.jpg,
28480.jpg,
28482.jpg,
28493.jpg,
28498.jpg,
28499.jpg,
28501.jpg,
28502.jpg,
28503.jpg,
28507.jpg,
28509.jpg,
28515.jpg,
28517.jpg,
28522.jpg,
28525.jpg,
28529.jpg,
28531.jpg,
28535.jpg,
28539.jpg,
28543.jpg,
28546.jpg,
28547.jpg,
28548.jpg,
28549.jpg,
28552.jpg,
28555.jpg,
28560.jpg,
28568.jpg,
2857.jpg,
2858.jpg,
28581.jpg,
28585.jpg,
28590.jpg,
28594.jpg,
28596.jpg,
2860.jpg,
28600.jpg,
2861.jpg,
28614.jpg,
28618.jpg,
28620.jpg,
28627.jpg,
28632.jpg,
28639.jpg,
28642.jpg,
28653.jpg,
28660.jpg,
28666.jpg,
28667.jpg,
2867.jpg,
28676.jpg,
28681.jpg,
28688.jpg,
28696.jpg,
28700.jpg,
28701.jpg,
28704.jpg,
28707.jpg,
2871.jpg,
28710.jpg,
28720.jpg,
28723.jpg,
28724.jpg,
28727.jpg,
28729.jpg,
28731.jpg,
28734.jpg,
28737.jpg,
28743.jpg,
28749.jpg,
28769.jpg,
28772.jpg,
28782.jpg,
28794.jpg,
28797.jpg,
28800.jpg,
28803.jpg,
28807.jpg,
28814.jpg,
28836.jpg,
28840.jpg,
28842.jpg,
28846.jpg,
2885.jpg,
28854.jpg,
28859.jpg,
2886.jpg,
28864.jpg,
28867.jpg,
28871.jpg,
28884.jpg,
28895.jpg,
28897.jpg,
2890.jpg,
28901.jpg,
28928.jpg,
28932.jpg,
28934.jpg,
28938.jpg,
28949.jpg,
28951.jpg,
28952.jpg,
28954.jpg,
28955.jpg,
28962.jpg,
28963.jpg,
28966.jpg,
28982.jpg,
28987.jpg,
29003.jpg,
29005.jpg,
29009.jpg,
2901.jpg,
29019.jpg,
2902.jpg,
29020.jpg,
29026.jpg,
29027.jpg,
29038.jpg,
29043.jpg,
29058.jpg,
2906.jpg,
29067.jpg,
29068.jpg,
29071.jpg,
29074.jpg,
29082.jpg,
29085.jpg,
29099.jpg,
29110.jpg,
29111.jpg,
29112.jpg,
29118.jpg,
29119.jpg,
29121.jpg,
29123.jpg,
29126.jpg,
29129.jpg,
2913.jpg,
29132.jpg,
2914.jpg,
29150.jpg,
29152.jpg,
29158.jpg,
29164.jpg,
29185.jpg,
29194.jpg,
29202.jpg,
29205.jpg,
29211.jpg,
29214.jpg,
29216.jpg,
29219.jpg,
29225.jpg,
29226.jpg,
29243.jpg,
29246.jpg,
29248.jpg,
29256.jpg,
29258.jpg,
29266.jpg,
29269.jpg,
2927.jpg,
29276.jpg,
29283.jpg,
29284.jpg,
29285.jpg,
29290.jpg,
29291.jpg,
29295.jpg,
29298.jpg,
2930.jpg,
29300.jpg,
29305.jpg,
29311.jpg,
29315.jpg,
29318.jpg,
29319.jpg,
29322.jpg,
29324.jpg,
29327.jpg,
29329.jpg,
2933.jpg,
2934.jpg,
29349.jpg,
29354.jpg,
29365.jpg,
29370.jpg,
29379.jpg,
2938.jpg,
29383.jpg,
29388.jpg,
29389.jpg,
29398.jpg,
29403.jpg,
29414.jpg,
29415.jpg,
29423.jpg,
29428.jpg,
29438.jpg,
2945.jpg,
29456.jpg,
29460.jpg,
29464.jpg,
29467.jpg,
29471.jpg,
29475.jpg,
29477.jpg,
29478.jpg,
2948.jpg,
29484.jpg,
2949.jpg,
29493.jpg,
2950.jpg,
29500.jpg,
29504.jpg,
29505.jpg,
29515.jpg,
29516.jpg,
29523.jpg,
29525.jpg,
29527.jpg,
29528.jpg,
29529.jpg,
2953.jpg,
29536.jpg,
29537.jpg,
29540.jpg,
29542.jpg,
29551.jpg,
29553.jpg,
29554.jpg,
29555.jpg,
29556.jpg,
29557.jpg,
29559.jpg,
2956.jpg,
29561.jpg,
29568.jpg,
2957.jpg,
29571.jpg,
29578.jpg,
29580.jpg,
29581.jpg,
29585.jpg,
29588.jpg,
29589.jpg,
29603.jpg,
29608.jpg,
29609.jpg,
29614.jpg,
29617.jpg,
29618.jpg,
29619.jpg,
2962.jpg,
29622.jpg,
29627.jpg,
29628.jpg,
29629.jpg,
29632.jpg,
29637.jpg,
29645.jpg,
29647.jpg,
29648.jpg,
29649.jpg,
2965.jpg,
29652.jpg,
29664.jpg,
29669.jpg,
29674.jpg,
29677.jpg,
29680.jpg,
29685.jpg,
29690.jpg,
29692.jpg,
29694.jpg,
29697.jpg,
29699.jpg,
297.jpg,
29701.jpg,
29703.jpg,
29707.jpg,
29709.jpg,
29713.jpg,
29720.jpg,
29724.jpg,
29730.jpg,
29731.jpg,
29733.jpg,
29735.jpg,
29738.jpg,
29756.jpg,
29757.jpg,
29758.jpg,
29766.jpg,
29769.jpg,
29773.jpg,
2978.jpg,
29792.jpg,
29794.jpg,
29795.jpg,
29796.jpg,
29797.jpg,
298.jpg,
29803.jpg,
29818.jpg,
29819.jpg,
29821.jpg,
29834.jpg,
29835.jpg,
2984.jpg,
29840.jpg,
29844.jpg,
29848.jpg,
2985.jpg,
29866.jpg,
29869.jpg,
2987.jpg,
29871.jpg,
29875.jpg,
2988.jpg,
29884.jpg,
29889.jpg,
29892.jpg,
29893.jpg,
29897.jpg,
29912.jpg,
29916.jpg,
29919.jpg,
29921.jpg,
29924.jpg,
29929.jpg,
29931.jpg,
29936.jpg,
29937.jpg,
29941.jpg,
29944.jpg,
29947.jpg,
2995.jpg,
29954.jpg,
29970.jpg,
29973.jpg,
29977.jpg,
29979.jpg,
2998.jpg,
29980.jpg,
29981.jpg,
29987.jpg,
29990.jpg,
29991.jpg,
29998.jpg,
30.jpg,
3000.jpg,
30001.jpg,
30002.jpg,
30004.jpg,
30006.jpg,
30015.jpg,
30016.jpg,
3002.jpg,
30024.jpg,
30035.jpg,
30045.jpg,
30053.jpg,
30056.jpg,
30058.jpg,
30059.jpg,
30062.jpg,
30069.jpg,
3007.jpg,
30074.jpg,
30080.jpg,
30082.jpg,
30085.jpg,
30094.jpg,
30099.jpg,
3010.jpg,
30102.jpg,
30104.jpg,
30114.jpg,
30118.jpg,
30119.jpg,
3012.jpg,
30121.jpg,
30127.jpg,
30143.jpg,
30144.jpg,
3016.jpg,
30164.jpg,
30167.jpg,
30170.jpg,
30171.jpg,
30173.jpg,
30174.jpg,
30181.jpg,
30184.jpg,
30188.jpg,
30190.jpg,
30193.jpg,
30196.jpg,
30197.jpg,
30206.jpg,
3021.jpg,
30216.jpg,
30219.jpg,
3022.jpg,
30220.jpg,
30221.jpg,
30237.jpg,
3024.jpg,
30241.jpg,
30245.jpg,
30251.jpg,
30253.jpg,
30260.jpg,
30273.jpg,
30274.jpg,
30289.jpg,
3029.jpg,
30290.jpg,
30292.jpg,
30297.jpg,
30305.jpg,
30316.jpg,
30320.jpg,
30325.jpg,
30326.jpg,
30328.jpg,
30331.jpg,
30332.jpg,
30333.jpg,
30336.jpg,
30337.jpg,
30338.jpg,
30341.jpg,
30345.jpg,
30346.jpg,
30347.jpg,
30358.jpg,
3036.jpg,
30371.jpg,
30374.jpg,
30377.jpg,
30394.jpg,
30400.jpg,
30407.jpg,
30410.jpg,
30415.jpg,
30420.jpg,
30422.jpg,
30424.jpg,
30428.jpg,
30439.jpg,
30440.jpg,
30456.jpg,
30458.jpg,
30460.jpg,
30462.jpg,
30478.jpg,
30482.jpg,
30490.jpg,
30499.jpg,
3050.jpg,
30509.jpg,
3051.jpg,
30530.jpg,
30535.jpg,
30537.jpg,
30541.jpg,
30543.jpg,
30546.jpg,
30552.jpg,
3056.jpg,
30563.jpg,
30564.jpg,
30565.jpg,
3057.jpg,
30581.jpg,
30584.jpg,
30585.jpg,
3059.jpg,
30594.jpg,
30601.jpg,
30611.jpg,
30619.jpg,
30620.jpg,
30625.jpg,
30628.jpg,
30638.jpg,
30646.jpg,
30651.jpg,
30652.jpg,
30661.jpg,
30675.jpg,
30683.jpg,
30689.jpg,
3069.jpg,
30704.jpg,
30713.jpg,
30714.jpg,
30719.jpg,
30726.jpg,
30728.jpg,
30735.jpg,
30737.jpg,
30738.jpg,
30749.jpg,
3075.jpg,
30761.jpg,
30763.jpg,
3077.jpg,
30772.jpg,
30774.jpg,
30779.jpg,
30786.jpg,
30789.jpg,
30793.jpg,
30798.jpg,
30808.jpg,
30811.jpg,
30817.jpg,
30818.jpg,
30820.jpg,
30822.jpg,
30823.jpg,
30825.jpg,
3083.jpg,
30830.jpg,
30835.jpg,
3084.jpg,
30850.jpg,
30851.jpg,
30853.jpg,
30855.jpg,
30856.jpg,
3086.jpg,
30867.jpg,
3087.jpg,
30871.jpg,
3088.jpg,
30893.jpg,
30901.jpg,
30907.jpg,
30909.jpg,
30933.jpg,
30936.jpg,
3094.jpg,
30943.jpg,
30944.jpg,
30948.jpg,
30951.jpg,
30961.jpg,
30962.jpg,
30965.jpg,
30976.jpg,
30981.jpg,
30989.jpg,
3099.jpg,
31005.jpg,
31007.jpg,
31009.jpg,
3101.jpg,
31010.jpg,
31029.jpg,
31033.jpg,
31042.jpg,
31043.jpg,
31054.jpg,
31056.jpg,
31057.jpg,
3106.jpg,
31068.jpg,
31072.jpg,
31080.jpg,
31081.jpg,
31083.jpg,
31097.jpg,
31099.jpg,
31101.jpg,
31102.jpg,
31104.jpg,
31105.jpg,
31107.jpg,
31112.jpg,
31113.jpg,
31116.jpg,
3112.jpg,
31123.jpg,
31130.jpg,
31132.jpg,
31137.jpg,
31138.jpg,
31139.jpg,
31140.jpg,
31141.jpg,
31142.jpg,
31145.jpg,
31149.jpg,
3115.jpg,
31157.jpg,
31159.jpg,
31164.jpg,
3117.jpg,
3118.jpg,
31188.jpg,
31189.jpg,
31194.jpg,
31198.jpg,
312.jpg,
3120.jpg,
31203.jpg,
31206.jpg,
31209.jpg,
3121.jpg,
31223.jpg,
3123.jpg,
31232.jpg,
31239.jpg,
3124.jpg,
31240.jpg,
31248.jpg,
31257.jpg,
31263.jpg,
31265.jpg,
31285.jpg,
31286.jpg,
31295.jpg,
31307.jpg,
3131.jpg,
31316.jpg,
3132.jpg,
31323.jpg,
31328.jpg,
31330.jpg,
31332.jpg,
31341.jpg,
31347.jpg,
31353.jpg,
31357.jpg,
31364.jpg,
31366.jpg,
31367.jpg,
3137.jpg,
31371.jpg,
31373.jpg,
31375.jpg,
3138.jpg,
31384.jpg,
3139.jpg,
31390.jpg,
31395.jpg,
31398.jpg,
314.jpg,
31409.jpg,
31421.jpg,
31424.jpg,
3144.jpg,
31440.jpg,
3146.jpg,
31461.jpg,
31478.jpg,
31483.jpg,
31486.jpg,
31491.jpg,
31506.jpg,
31510.jpg,
31526.jpg,
31527.jpg,
31529.jpg,
31533.jpg,
31534.jpg,
31535.jpg,
31542.jpg,
31544.jpg,
31546.jpg,
31551.jpg,
31561.jpg,
31563.jpg,
31569.jpg,
3157.jpg,
31571.jpg,
31572.jpg,
31591.jpg,
31609.jpg,
3162.jpg,
31625.jpg,
31627.jpg,
31629.jpg,
31631.jpg,
31634.jpg,
31635.jpg,
31638.jpg,
31643.jpg,
31653.jpg,
31655.jpg,
31659.jpg,
31662.jpg,
31663.jpg,
31665.jpg,
31669.jpg,
3169.jpg,
31693.jpg,
31697.jpg,
3170.jpg,
31703.jpg,
31712.jpg,
31713.jpg,
31720.jpg,
31738.jpg,
3174.jpg,
31742.jpg,
31752.jpg,
3176.jpg,
31774.jpg,
31775.jpg,
31781.jpg,
31782.jpg,
31784.jpg,
31796.jpg,
31799.jpg,
31806.jpg,
31811.jpg,
31814.jpg,
3182.jpg,
31820.jpg,
31821.jpg,
31826.jpg,
31828.jpg,
31833.jpg,
31836.jpg,
31849.jpg,
31853.jpg,
31855.jpg,
31857.jpg,
31858.jpg,
3186.jpg,
31860.jpg,
31866.jpg,
31869.jpg,
3187.jpg,
31870.jpg,
31872.jpg,
31873.jpg,
3188.jpg,
31882.jpg,
31897.jpg,
31899.jpg,
31903.jpg,
31908.jpg,
3191.jpg,
31916.jpg,
31928.jpg,
31929.jpg,
31940.jpg,
31949.jpg,
31952.jpg,
31953.jpg,
31954.jpg,
31961.jpg,
31973.jpg,
31977.jpg,
31979.jpg,
31987.jpg,
31997.jpg,
32005.jpg,
32023.jpg,
32024.jpg,
32029.jpg,
3204.jpg,
32046.jpg,
32047.jpg,
32048.jpg,
32051.jpg,
3206.jpg,
32069.jpg,
32071.jpg,
32076.jpg,
32081.jpg,
3209.jpg,
32097.jpg,
32103.jpg,
32132.jpg,
32139.jpg,
32142.jpg,
32144.jpg,
3215.jpg,
32153.jpg,
32161.jpg,
32165.jpg,
32175.jpg,
32177.jpg,
32179.jpg,
32180.jpg,
32183.jpg,
32189.jpg,
32202.jpg,
3221.jpg,
32216.jpg,
32223.jpg,
3223.jpg,
32231.jpg,
3224.jpg,
32243.jpg,
32248.jpg,
3226.jpg,
32268.jpg,
32278.jpg,
32279.jpg,
32281.jpg,
32296.jpg,
32297.jpg,
32298.jpg,
32308.jpg,
32315.jpg,
32321.jpg,
32323.jpg,
32324.jpg,
32330.jpg,
32334.jpg,
32336.jpg,
32344.jpg,
32349.jpg,
3235.jpg,
32351.jpg,
32352.jpg,
32354.jpg,
32355.jpg,
32360.jpg,
32365.jpg,
32367.jpg,
32371.jpg,
32372.jpg,
32377.jpg,
32382.jpg,
32383.jpg,
32388.jpg,
32391.jpg,
32394.jpg,
32395.jpg,
32402.jpg,
32405.jpg,
32420.jpg,
32422.jpg,
32432.jpg,
32438.jpg,
32439.jpg,
32443.jpg,
32445.jpg,
3245.jpg,
32454.jpg,
32461.jpg,
32463.jpg,
32464.jpg,
32467.jpg,
3247.jpg,
32473.jpg,
32479.jpg,
3248.jpg,
32481.jpg,
32485.jpg,
32487.jpg,
325.jpg,
3250.jpg,
32506.jpg,
32507.jpg,
32508.jpg,
32510.jpg,
32512.jpg,
32516.jpg,
32530.jpg,
32541.jpg,
32544.jpg,
32547.jpg,
32551.jpg,
32565.jpg,
32568.jpg,
32569.jpg,
32570.jpg,
32574.jpg,
32575.jpg,
32580.jpg,
32582.jpg,
32584.jpg,
32587.jpg,
32595.jpg,
3260.jpg,
32605.jpg,
32607.jpg,
32613.jpg,
32614.jpg,
32617.jpg,
32619.jpg,
32623.jpg,
32624.jpg,
32627.jpg,
3263.jpg,
32630.jpg,
32636.jpg,
32642.jpg,
32662.jpg,
32671.jpg,
32681.jpg,
32682.jpg,
32683.jpg,
32684.jpg,
32688.jpg,
3269.jpg,
32692.jpg,
32695.jpg,
32696.jpg,
32711.jpg,
32725.jpg,
32727.jpg,
32730.jpg,
32734.jpg,
32744.jpg,
32753.jpg,
32755.jpg,
32756.jpg,
32758.jpg,
3276.jpg,
32763.jpg,
32766.jpg,
32768.jpg,
32769.jpg,
32773.jpg,
32777.jpg,
32778.jpg,
3278.jpg,
32782.jpg,
32792.jpg,
32796.jpg,
32799.jpg,
32814.jpg,
32817.jpg,
32818.jpg,
32826.jpg,
32829.jpg,
32835.jpg,
32836.jpg,
32837.jpg,
32838.jpg,
32843.jpg,
32849.jpg,
32855.jpg,
32859.jpg,
32861.jpg,
32870.jpg,
32876.jpg,
32879.jpg,
32889.jpg,
32894.jpg,
32898.jpg,
32903.jpg,
32905.jpg,
32911.jpg,
32913.jpg,
32914.jpg,
32917.jpg,
32931.jpg,
32932.jpg,
32935.jpg,
32939.jpg,
32940.jpg,
32941.jpg,
32946.jpg,
32950.jpg,
32952.jpg,
32953.jpg,
32958.jpg,
3296.jpg,
32965.jpg,
32968.jpg,
3297.jpg,
32972.jpg,
32973.jpg,
32978.jpg,
32979.jpg,
32982.jpg,
32993.jpg,
32996.jpg,
32997.jpg,
32998.jpg,
330.jpg,
33005.jpg,
33007.jpg,
33013.jpg,
33015.jpg,
33016.jpg,
33017.jpg,
33022.jpg,
33024.jpg,
3303.jpg,
33031.jpg,
33039.jpg,
33046.jpg,
33049.jpg,
33051.jpg,
33052.jpg,
33055.jpg,
33065.jpg,
33066.jpg,
33071.jpg,
33072.jpg,
33079.jpg,
33084.jpg,
33089.jpg,
33091.jpg,
33094.jpg,
33097.jpg,
331.jpg,
33100.jpg,
33105.jpg,
33124.jpg,
3313.jpg,
33131.jpg,
3314.jpg,
33144.jpg,
33147.jpg,
33152.jpg,
33159.jpg,
33174.jpg,
33175.jpg,
3318.jpg,
33180.jpg,
33182.jpg,
33188.jpg,
33209.jpg,
33212.jpg,
33213.jpg,
33215.jpg,
33216.jpg,
33219.jpg,
33221.jpg,
33227.jpg,
33228.jpg,
33231.jpg,
33240.jpg,
33243.jpg,
33247.jpg,
33255.jpg,
33258.jpg,
33268.jpg,
3327.jpg,
33276.jpg,
33283.jpg,
33284.jpg,
33290.jpg,
33295.jpg,
33299.jpg,
333.jpg,
33301.jpg,
33302.jpg,
33308.jpg,
33316.jpg,
33317.jpg,
33319.jpg,
33320.jpg,
33322.jpg,
33326.jpg,
33329.jpg,
33331.jpg,
3334.jpg,
33343.jpg,
33346.jpg,
33352.jpg,
33357.jpg,
33358.jpg,
33364.jpg,
33366.jpg,
33371.jpg,
33373.jpg,
33375.jpg,
33376.jpg,
33378.jpg,
33381.jpg,
33390.jpg,
33399.jpg,
33405.jpg,
33407.jpg,
33410.jpg,
33411.jpg,
33419.jpg,
33421.jpg,
33423.jpg,
33440.jpg,
33444.jpg,
33450.jpg,
33452.jpg,
33455.jpg,
33459.jpg,
33460.jpg,
33463.jpg,
33468.jpg,
33471.jpg,
33490.jpg,
33492.jpg,
33494.jpg,
33514.jpg,
33516.jpg,
33518.jpg,
33519.jpg,
33523.jpg,
33525.jpg,
33526.jpg,
33530.jpg,
33533.jpg,
33535.jpg,
33538.jpg,
3354.jpg,
33544.jpg,
33548.jpg,
33559.jpg,
33560.jpg,
33561.jpg,
33564.jpg,
33573.jpg,
33587.jpg,
336.jpg,
33608.jpg,
33609.jpg,
33610.jpg,
33617.jpg,
33628.jpg,
33633.jpg,
33636.jpg,
33640.jpg,
33642.jpg,
33644.jpg,
33648.jpg,
33660.jpg,
33666.jpg,
33667.jpg,
33670.jpg,
33673.jpg,
33674.jpg,
33675.jpg,
33677.jpg,
33686.jpg,
33690.jpg,
33691.jpg,
33693.jpg,
33699.jpg,
3370.jpg,
33701.jpg,
33710.jpg,
33718.jpg,
33727.jpg,
33729.jpg,
33736.jpg,
33745.jpg,
33747.jpg,
3375.jpg,
33757.jpg,
33759.jpg,
33762.jpg,
3377.jpg,
3378.jpg,
33780.jpg,
33785.jpg,
33786.jpg,
33789.jpg,
33794.jpg,
338.jpg,
33800.jpg,
33802.jpg,
33806.jpg,
33807.jpg,
33809.jpg,
33813.jpg,
33819.jpg,
3382.jpg,
33820.jpg,
33829.jpg,
33842.jpg,
33853.jpg,
33855.jpg,
33856.jpg,
33858.jpg,
33863.jpg,
33865.jpg,
33870.jpg,
33874.jpg,
33879.jpg,
33880.jpg,
33890.jpg,
33894.jpg,
3391.jpg,
33915.jpg,
33917.jpg,
33919.jpg,
3392.jpg,
33924.jpg,
33926.jpg,
3393.jpg,
33933.jpg,
33935.jpg,
33936.jpg,
33938.jpg,
33940.jpg,
3395.jpg,
33962.jpg,
33965.jpg,
33977.jpg,
33981.jpg,
33987.jpg,
33988.jpg,
33993.jpg,
33995.jpg,
33997.jpg,
33998.jpg,
33999.jpg,
340.jpg,
34004.jpg,
34015.jpg,
3402.jpg,
34022.jpg,
34024.jpg,
3403.jpg,
34034.jpg,
34036.jpg,
34037.jpg,
34039.jpg,
3404.jpg,
34040.jpg,
34049.jpg,
34057.jpg,
34059.jpg,
34063.jpg,
34070.jpg,
34072.jpg,
34087.jpg,
34088.jpg,
3409.jpg,
34093.jpg,
34097.jpg,
34098.jpg,
341.jpg,
3410.jpg,
34100.jpg,
34102.jpg,
3411.jpg,
34117.jpg,
34119.jpg,
3412.jpg,
34120.jpg,
34121.jpg,
34129.jpg,
34131.jpg,
34134.jpg,
34138.jpg,
3414.jpg,
34143.jpg,
34151.jpg,
34161.jpg,
34162.jpg,
34170.jpg,
34175.jpg,
34176.jpg,
34178.jpg,
34184.jpg,
34195.jpg,
34201.jpg,
34205.jpg,
34212.jpg,
34219.jpg,
3422.jpg,
34226.jpg,
3423.jpg,
34234.jpg,
34237.jpg,
34238.jpg,
34242.jpg,
34244.jpg,
34250.jpg,
34252.jpg,
34257.jpg,
34259.jpg,
34269.jpg,
34272.jpg,
34277.jpg,
34279.jpg,
34288.jpg,
34295.jpg,
34302.jpg,
34308.jpg,
3431.jpg,
34316.jpg,
34324.jpg,
34325.jpg,
3433.jpg,
34335.jpg,
34352.jpg,
34356.jpg,
34359.jpg,
34361.jpg,
34363.jpg,
34375.jpg,
34382.jpg,
34385.jpg,
34386.jpg,
34387.jpg,
34396.jpg,
34397.jpg,
34400.jpg,
34408.jpg,
34412.jpg,
34413.jpg,
34415.jpg,
34416.jpg,
34427.jpg,
34432.jpg,
34435.jpg,
34437.jpg,
34439.jpg,
34448.jpg,
3445.jpg,
34462.jpg,
34464.jpg,
34465.jpg,
34468.jpg,
3447.jpg,
34471.jpg,
34474.jpg,
34477.jpg,
34483.jpg,
3449.jpg,
34498.jpg,
34505.jpg,
34507.jpg,
34509.jpg,
34510.jpg,
34513.jpg,
34519.jpg,
3452.jpg,
34522.jpg,
34526.jpg,
34530.jpg,
34533.jpg,
34539.jpg,
34545.jpg,
34546.jpg,
34555.jpg,
34557.jpg,
34567.jpg,
34569.jpg,
34581.jpg,
34585.jpg,
34592.jpg,
34596.jpg,
34598.jpg,
34599.jpg,
34600.jpg,
34605.jpg,
34610.jpg,
34612.jpg,
34613.jpg,
34620.jpg,
34629.jpg,
34633.jpg,
34644.jpg,
34645.jpg,
34649.jpg,
3465.jpg,
34656.jpg,
34659.jpg,
34664.jpg,
3467.jpg,
34673.jpg,
34674.jpg,
34675.jpg,
34679.jpg,
34685.jpg,
34688.jpg,
34694.jpg,
34714.jpg,
3472.jpg,
34720.jpg,
34722.jpg,
34724.jpg,
34730.jpg,
34737.jpg,
34753.jpg,
34755.jpg,
34756.jpg,
34759.jpg,
34761.jpg,
34768.jpg,
3477.jpg,
34772.jpg,
34778.jpg,
34787.jpg,
34788.jpg,
34798.jpg,
34799.jpg,
34813.jpg,
34820.jpg,
34827.jpg,
34829.jpg,
34836.jpg,
34840.jpg,
34841.jpg,
34844.jpg,
34854.jpg,
34861.jpg,
34870.jpg,
34875.jpg,
34878.jpg,
34879.jpg,
34897.jpg,
34904.jpg,
34905.jpg,
34913.jpg,
34917.jpg,
3492.jpg,
34920.jpg,
34926.jpg,
34941.jpg,
34945.jpg,
34965.jpg,
34968.jpg,
34969.jpg,
34972.jpg,
34978.jpg,
34979.jpg,
34984.jpg,
34985.jpg,
34986.jpg,
34988.jpg,
34991.jpg,
350.jpg,
35009.jpg,
35010.jpg,
3502.jpg,
35022.jpg,
35028.jpg,
35030.jpg,
35034.jpg,
35039.jpg,
35041.jpg,
35043.jpg,
35049.jpg,
35058.jpg,
35059.jpg,
3506.jpg,
35063.jpg,
35075.jpg,
3508.jpg,
35083.jpg,
35084.jpg,
35101.jpg,
35108.jpg,
35116.jpg,
35117.jpg,
35118.jpg,
35120.jpg,
35121.jpg,
35129.jpg,
35131.jpg,
35142.jpg,
35144.jpg,
35145.jpg,
35148.jpg,
35149.jpg,
35151.jpg,
35153.jpg,
35154.jpg,
35156.jpg,
35162.jpg,
35163.jpg,
35177.jpg,
3518.jpg,
35183.jpg,
35192.jpg,
35194.jpg,
35199.jpg,
35200.jpg,
35201.jpg,
35202.jpg,
35207.jpg,
35209.jpg,
3521.jpg,
35210.jpg,
35212.jpg,
35214.jpg,
35216.jpg,
3522.jpg,
35226.jpg,
35229.jpg,
35230.jpg,
35237.jpg,
35238.jpg,
35241.jpg,
35250.jpg,
35255.jpg,
35257.jpg,
35261.jpg,
35267.jpg,
35276.jpg,
35279.jpg,
35291.jpg,
35297.jpg,
35298.jpg,
35318.jpg,
35321.jpg,
35322.jpg,
35332.jpg,
35334.jpg,
35341.jpg,
35346.jpg,
3535.jpg,
35355.jpg,
35356.jpg,
35362.jpg,
35363.jpg,
35364.jpg,
35369.jpg,
3537.jpg,
35370.jpg,
35372.jpg,
35375.jpg,
35376.jpg,
3538.jpg,
35384.jpg,
35386.jpg,
35387.jpg,
35394.jpg,
35399.jpg,
35400.jpg,
35407.jpg,
35408.jpg,
35410.jpg,
35411.jpg,
35425.jpg,
35427.jpg,
3543.jpg,
35439.jpg,
35447.jpg,
35453.jpg,
35454.jpg,
3546.jpg,
35481.jpg,
35484.jpg,
35497.jpg,
35511.jpg,
35514.jpg,
35520.jpg,
35524.jpg,
35528.jpg,
35530.jpg,
35536.jpg,
35541.jpg,
35546.jpg,
35547.jpg,
35552.jpg,
35559.jpg,
35567.jpg,
35576.jpg,
3558.jpg,
35580.jpg,
35582.jpg,
35592.jpg,
35598.jpg,
356.jpg,
35603.jpg,
35605.jpg,
35608.jpg,
35615.jpg,
35628.jpg,
35629.jpg,
35639.jpg,
3564.jpg,
35644.jpg,
3565.jpg,
35657.jpg,
35659.jpg,
3566.jpg,
35664.jpg,
35669.jpg,
35677.jpg,
35681.jpg,
35682.jpg,
35684.jpg,
35685.jpg,
35688.jpg,
35691.jpg,
35697.jpg,
35698.jpg,
3570.jpg,
35704.jpg,
35707.jpg,
35709.jpg,
35721.jpg,
35724.jpg,
35731.jpg,
35737.jpg,
3574.jpg,
3575.jpg,
35753.jpg,
35754.jpg,
35755.jpg,
35757.jpg,
35764.jpg,
35767.jpg,
35768.jpg,
35771.jpg,
35775.jpg,
35787.jpg,
35790.jpg,
35792.jpg,
35794.jpg,
35802.jpg,
35804.jpg,
35805.jpg,
35809.jpg,
35812.jpg,
35820.jpg,
35823.jpg,
35828.jpg,
35833.jpg,
3584.jpg,
35850.jpg,
35851.jpg,
35852.jpg,
35856.jpg,
35857.jpg,
35860.jpg,
35869.jpg,
35872.jpg,
35873.jpg,
35881.jpg,
35884.jpg,
359.jpg,
3590.jpg,
3599.jpg,
3600.jpg,
3601.jpg,
3603.jpg,
3607.jpg,
3610.jpg,
3632.jpg,
3634.jpg,
3635.jpg,
3645.jpg,
3647.jpg,
365.jpg,
3653.jpg,
366.jpg,
3661.jpg,
3662.jpg,
3663.jpg,
3675.jpg,
3690.jpg,
3691.jpg,
370.jpg,
3700.jpg,
3709.jpg,
3714.jpg,
3719.jpg,
3722.jpg,
3729.jpg,
3731.jpg,
3736.jpg,
3739.jpg,
3742.jpg,
3755.jpg,
3756.jpg,
3763.jpg,
3765.jpg,
3766.jpg,
3767.jpg,
377.jpg,
3772.jpg,
3778.jpg,
3783.jpg,
3785.jpg,
3792.jpg,
3795.jpg,
38.jpg,
3802.jpg,
3811.jpg,
3818.jpg,
3819.jpg,
3825.jpg,
3836.jpg,
3837.jpg,
3839.jpg,
3842.jpg,
3855.jpg,
3858.jpg,
3862.jpg,
3869.jpg,
3870.jpg,
3874.jpg,
3875.jpg,
3878.jpg,
3891.jpg,
3899.jpg,
3906.jpg,
3909.jpg,
3913.jpg,
3922.jpg,
3925.jpg,
3929.jpg,
3932.jpg,
3951.jpg,
3953.jpg,
3958.jpg,
3959.jpg,
3969.jpg,
3972.jpg,
3977.jpg,
3978.jpg,
3982.jpg,
3985.jpg,
3986.jpg,
3988.jpg,
4002.jpg,
4004.jpg,
4015.jpg,
4029.jpg,
4033.jpg,
4036.jpg,
404.jpg,
4040.jpg,
4041.jpg,
405.jpg,
4060.jpg,
4062.jpg,
4064.jpg,
4072.jpg,
4076.jpg,
4077.jpg,
4080.jpg,
4084.jpg,
4086.jpg,
4090.jpg,
4094.jpg,
4098.jpg,
41.jpg,
4100.jpg,
4107.jpg,
4114.jpg,
4124.jpg,
413.jpg,
4130.jpg,
4133.jpg,
4137.jpg,
414.jpg,
4156.jpg,
4159.jpg,
4165.jpg,
4169.jpg,
4174.jpg,
418.jpg,
4182.jpg,
4185.jpg,
4194.jpg,
4196.jpg,
4199.jpg,
4200.jpg,
4207.jpg,
4217.jpg,
422.jpg,
4223.jpg,
4226.jpg,
4229.jpg,
4233.jpg,
4234.jpg,
4242.jpg,
4243.jpg,
4248.jpg,
4264.jpg,
4265.jpg,
4269.jpg,
4274.jpg,
4284.jpg,
4289.jpg,
4295.jpg,
4296.jpg,
4306.jpg,
4308.jpg,
4312.jpg,
4314.jpg,
4316.jpg,
4317.jpg,
4324.jpg,
4328.jpg,
4339.jpg,
4340.jpg,
4345.jpg,
4347.jpg,
4349.jpg,
435.jpg,
4352.jpg,
4363.jpg,
4366.jpg,
4372.jpg,
438.jpg,
4380.jpg,
4381.jpg,
4384.jpg,
4389.jpg,
4390.jpg,
4394.jpg,
4396.jpg,
4397.jpg,
44.jpg,
440.jpg,
4411.jpg,
4412.jpg,
4415.jpg,
4431.jpg,
4433.jpg,
4441.jpg,
4443.jpg,
4449.jpg,
4453.jpg,
4459.jpg,
446.jpg,
4468.jpg,
4480.jpg,
4481.jpg,
4482.jpg,
4485.jpg,
4486.jpg,
449.jpg,
4492.jpg,
4502.jpg,
4506.jpg,
4513.jpg,
4516.jpg,
452.jpg,
4523.jpg,
4526.jpg,
4534.jpg,
4536.jpg,
454.jpg,
4540.jpg,
4547.jpg,
4549.jpg,
4552.jpg,
4553.jpg,
4558.jpg,
4563.jpg,
4570.jpg,
4572.jpg,
4573.jpg,
4574.jpg,
4576.jpg,
4579.jpg,
4580.jpg,
4589.jpg,
4594.jpg,
4596.jpg,
460.jpg,
4606.jpg,
4607.jpg,
4615.jpg,
4616.jpg,
4620.jpg,
4621.jpg,
4624.jpg,
4634.jpg,
4636.jpg,
4637.jpg,
4640.jpg,
4649.jpg,
4650.jpg,
4653.jpg,
4657.jpg,
4660.jpg,
4665.jpg,
4666.jpg,
4670.jpg,
4672.jpg,
4685.jpg,
4697.jpg,
4698.jpg,
4700.jpg,
4714.jpg,
4734.jpg,
4736.jpg,
4737.jpg,
4748.jpg,
4751.jpg,
4752.jpg,
4764.jpg,
4770.jpg,
4771.jpg,
4777.jpg,
478.jpg,
4786.jpg,
4791.jpg,
4793.jpg,
4797.jpg,
4802.jpg,
4803.jpg,
4807.jpg,
4811.jpg,
4814.jpg,
4821.jpg,
4825.jpg,
4827.jpg,
4829.jpg,
483.jpg,
4832.jpg,
4849.jpg,
485.jpg,
4858.jpg,
4860.jpg,
4868.jpg,
487.jpg,
4870.jpg,
4878.jpg,
4883.jpg,
4888.jpg,
4895.jpg,
4901.jpg,
4910.jpg,
4912.jpg,
4917.jpg,
4935.jpg,
4937.jpg,
4940.jpg,
4948.jpg,
4951.jpg,
4953.jpg,
4958.jpg,
4975.jpg,
4979.jpg,
4980.jpg,
4986.jpg,
4987.jpg,
4988.jpg,
4996.jpg,
4998.jpg,
500.jpg,
5004.jpg,
5006.jpg,
5008.jpg,
5010.jpg,
5023.jpg,
5037.jpg,
504.jpg,
5046.jpg,
5048.jpg,
505.jpg,
5053.jpg,
5055.jpg,
5056.jpg,
5058.jpg,
5060.jpg,
5061.jpg,
5062.jpg,
5064.jpg,
507.jpg,
5073.jpg,
5074.jpg,
5077.jpg,
508.jpg,
5085.jpg,
5087.jpg,
5089.jpg,
5097.jpg,
51.jpg,
5100.jpg,
5101.jpg,
5102.jpg,
5107.jpg,
5110.jpg,
5116.jpg,
5117.jpg,
5127.jpg,
5138.jpg,
5147.jpg,
5154.jpg,
5166.jpg,
5170.jpg,
5176.jpg,
5177.jpg,
5178.jpg,
518.jpg,
5184.jpg,
5186.jpg,
5209.jpg,
521.jpg,
5220.jpg,
5222.jpg,
5224.jpg,
5229.jpg,
5233.jpg,
5244.jpg,
5253.jpg,
5258.jpg,
5259.jpg,
5263.jpg,
5264.jpg,
5267.jpg,
5269.jpg,
527.jpg,
5278.jpg,
5279.jpg,
5283.jpg,
5289.jpg,
5293.jpg,
5303.jpg,
531.jpg,
5310.jpg,
5312.jpg,
5317.jpg,
5318.jpg,
5323.jpg,
533.jpg,
5340.jpg,
5345.jpg,
5356.jpg,
5360.jpg,
5361.jpg,
5374.jpg,
5375.jpg,
538.jpg,
5385.jpg,
5400.jpg,
541.jpg,
5417.jpg,
5419.jpg,
542.jpg,
5422.jpg,
5432.jpg,
5434.jpg,
5435.jpg,
5444.jpg,
5445.jpg,
5446.jpg,
5449.jpg,
5450.jpg,
5452.jpg,
5459.jpg,
546.jpg,
5466.jpg,
5468.jpg,
547.jpg,
5472.jpg,
5477.jpg,
5490.jpg,
5493.jpg,
551.jpg,
5513.jpg,
5514.jpg,
5519.jpg,
5523.jpg,
5527.jpg,
553.jpg,
5530.jpg,
5536.jpg,
5548.jpg,
5549.jpg,
5558.jpg,
5560.jpg,
5561.jpg,
5564.jpg,
5567.jpg,
5570.jpg,
5582.jpg,
5591.jpg,
5594.jpg,
5595.jpg,
5607.jpg,
5610.jpg,
5618.jpg,
5622.jpg,
5629.jpg,
5636.jpg,
5637.jpg,
5638.jpg,
5642.jpg,
5651.jpg,
5654.jpg,
5664.jpg,
5674.jpg,
568.jpg,
5687.jpg,
5689.jpg,
5694.jpg,
5695.jpg,
5705.jpg,
5706.jpg,
5708.jpg,
5710.jpg,
5713.jpg,
5714.jpg,
5715.jpg,
5717.jpg,
5719.jpg,
5724.jpg,
573.jpg,
5732.jpg,
5736.jpg,
5739.jpg,
5748.jpg,
5749.jpg,
5753.jpg,
5766.jpg,
5771.jpg,
5778.jpg,
5780.jpg,
5783.jpg,
5784.jpg,
5792.jpg,
5797.jpg,
580.jpg,
5800.jpg,
5807.jpg,
5809.jpg,
5810.jpg,
5811.jpg,
5812.jpg,
5822.jpg,
5831.jpg,
5835.jpg,
5836.jpg,
584.jpg,
5853.jpg,
5855.jpg,
5857.jpg,
5858.jpg,
5859.jpg,
5865.jpg,
5883.jpg,
5888.jpg,
589.jpg,
5891.jpg,
5893.jpg,
5902.jpg,
5904.jpg,
5910.jpg,
5912.jpg,
5919.jpg,
5931.jpg,
5938.jpg,
594.jpg,
5942.jpg,
5943.jpg,
5953.jpg,
5954.jpg,
5957.jpg,
596.jpg,
5961.jpg,
5962.jpg,
5968.jpg,
5976.jpg,
5977.jpg,
5984.jpg,
5988.jpg,
5989.jpg,
5992.jpg,
5995.jpg,
5997.jpg,
60.jpg,
6009.jpg,
601.jpg,
6017.jpg,
6025.jpg,
6029.jpg,
6033.jpg,
6035.jpg,
6037.jpg,
6045.jpg,
6046.jpg,
6050.jpg,
6052.jpg,
6054.jpg,
6059.jpg,
6062.jpg,
6064.jpg,
6075.jpg,
6078.jpg,
608.jpg,
6088.jpg,
6091.jpg,
6095.jpg,
6103.jpg,
6106.jpg,
6109.jpg,
6110.jpg,
6119.jpg,
6123.jpg,
6129.jpg,
613.jpg,
6136.jpg,
6137.jpg,
6149.jpg,
615.jpg,
6152.jpg,
6153.jpg,
6155.jpg,
6158.jpg,
6167.jpg,
6169.jpg,
6175.jpg,
6176.jpg,
6179.jpg,
6180.jpg,
6183.jpg,
6184.jpg,
6187.jpg,
6193.jpg,
62.jpg,
620.jpg,
6206.jpg,
6214.jpg,
6215.jpg,
6216.jpg,
6217.jpg,
6219.jpg,
6225.jpg,
6231.jpg,
6232.jpg,
6236.jpg,
624.jpg,
6246.jpg,
6247.jpg,
6265.jpg,
6272.jpg,
6274.jpg,
6278.jpg,
628.jpg,
6283.jpg,
629.jpg,
6304.jpg,
6309.jpg,
6311.jpg,
6312.jpg,
6321.jpg,
633.jpg,
6343.jpg,
6345.jpg,
6346.jpg,
6347.jpg,
6351.jpg,
6353.jpg,
6360.jpg,
6364.jpg,
6365.jpg,
6366.jpg,
6368.jpg,
6375.jpg,
6378.jpg,
6388.jpg,
639.jpg,
6390.jpg,
6394.jpg,
6397.jpg,
6400.jpg,
6403.jpg,
6410.jpg,
6412.jpg,
6415.jpg,
6416.jpg,
6420.jpg,
6425.jpg,
6426.jpg,
6427.jpg,
644.jpg,
6444.jpg,
6449.jpg,
6457.jpg,
6459.jpg,
6467.jpg,
6469.jpg,
647.jpg,
6471.jpg,
6473.jpg,
6484.jpg,
649.jpg,
6492.jpg,
6495.jpg,
65.jpg,
6500.jpg,
6502.jpg,
651.jpg,
6515.jpg,
6518.jpg,
6521.jpg,
6522.jpg,
6527.jpg,
6529.jpg,
6532.jpg,
654.jpg,
6547.jpg,
655.jpg,
6551.jpg,
6555.jpg,
6557.jpg,
6561.jpg,
6563.jpg,
6566.jpg,
657.jpg,
6577.jpg,
6580.jpg,
6581.jpg,
6584.jpg,
659.jpg,
6598.jpg,
6599.jpg,
6603.jpg,
6608.jpg,
6616.jpg,
6618.jpg,
662.jpg,
6621.jpg,
6645.jpg,
6647.jpg,
665.jpg,
6652.jpg,
6660.jpg,
6664.jpg,
6677.jpg,
6686.jpg,
6689.jpg,
6691.jpg,
670.jpg,
6700.jpg,
6703.jpg,
6710.jpg,
6711.jpg,
6716.jpg,
6720.jpg,
6726.jpg,
673.jpg,
6732.jpg,
6735.jpg,
6739.jpg,
674.jpg,
6744.jpg,
6745.jpg,
6747.jpg,
675.jpg,
6759.jpg,
676.jpg,
6766.jpg,
6771.jpg,
6776.jpg,
6784.jpg,
6792.jpg,
6797.jpg,
680.jpg,
6808.jpg,
6809.jpg,
681.jpg,
6811.jpg,
6813.jpg,
6814.jpg,
6818.jpg,
6833.jpg,
6836.jpg,
6842.jpg,
6860.jpg,
6865.jpg,
6869.jpg,
6876.jpg,
6877.jpg,
688.jpg,
689.jpg,
6890.jpg,
6891.jpg,
6897.jpg,
690.jpg,
6901.jpg,
6902.jpg,
6904.jpg,
6909.jpg,
6914.jpg,
6915.jpg,
692.jpg,
6923.jpg,
6926.jpg,
6928.jpg,
693.jpg,
6930.jpg,
6934.jpg,
6935.jpg,
6955.jpg,
6957.jpg,
6960.jpg,
6964.jpg,
6965.jpg,
6966.jpg,
6973.jpg,
6977.jpg,
6988.jpg,
6989.jpg,
70.jpg,
7008.jpg,
7009.jpg,
7015.jpg,
7017.jpg,
7020.jpg,
7024.jpg,
7026.jpg,
7027.jpg,
7029.jpg,
7030.jpg,
7032.jpg,
7037.jpg,
7038.jpg,
7039.jpg,
7056.jpg,
7065.jpg,
7068.jpg,
7077.jpg,
7080.jpg,
7092.jpg,
7100.jpg,
7102.jpg,
7103.jpg,
7110.jpg,
7116.jpg,
7119.jpg,
712.jpg,
7121.jpg,
7129.jpg,
7131.jpg,
7136.jpg,
7146.jpg,
7150.jpg,
7153.jpg,
7158.jpg,
7159.jpg,
7162.jpg,
7165.jpg,
7174.jpg,
7182.jpg,
7191.jpg,
7192.jpg,
7198.jpg,
7200.jpg,
7203.jpg,
721.jpg,
7211.jpg,
7219.jpg,
7220.jpg,
7232.jpg,
7239.jpg,
7244.jpg,
7245.jpg,
7253.jpg,
7254.jpg,
7257.jpg,
726.jpg,
7261.jpg,
7268.jpg,
727.jpg,
7270.jpg,
7271.jpg,
7273.jpg,
7274.jpg,
7275.jpg,
7284.jpg,
7287.jpg,
729.jpg,
7291.jpg,
7292.jpg,
7299.jpg,
73.jpg,
7301.jpg,
7302.jpg,
7305.jpg,
7333.jpg,
7335.jpg,
7337.jpg,
7348.jpg,
7350.jpg,
7361.jpg,
7366.jpg,
7371.jpg,
7376.jpg,
7379.jpg,
738.jpg,
7392.jpg,
7394.jpg,
7398.jpg,
7400.jpg,
7405.jpg,
7406.jpg,
7409.jpg,
741.jpg,
7413.jpg,
7425.jpg,
7430.jpg,
7441.jpg,
7455.jpg,
7459.jpg,
7462.jpg,
7466.jpg,
7475.jpg,
7490.jpg,
7492.jpg,
7502.jpg,
7511.jpg,
7512.jpg,
7517.jpg,
7531.jpg,
7532.jpg,
7536.jpg,
7537.jpg,
7542.jpg,
7548.jpg,
7550.jpg,
7551.jpg,
7559.jpg,
7561.jpg,
7562.jpg,
7566.jpg,
7569.jpg,
7571.jpg,
7580.jpg,
7582.jpg,
7588.jpg,
7589.jpg,
759.jpg,
7590.jpg,
7592.jpg,
7599.jpg,
7603.jpg,
761.jpg,
7618.jpg,
7623.jpg,
7626.jpg,
7630.jpg,
764.jpg,
7655.jpg,
7659.jpg,
766.jpg,
7664.jpg,
7668.jpg,
767.jpg,
7672.jpg,
7674.jpg,
7675.jpg,
7679.jpg,
7680.jpg,
7681.jpg,
7684.jpg,
7700.jpg,
7702.jpg,
7712.jpg,
7713.jpg,
7717.jpg,
7724.jpg,
7729.jpg,
7737.jpg,
774.jpg,
7748.jpg,
7749.jpg,
7753.jpg,
7755.jpg,
7756.jpg,
7761.jpg,
7762.jpg,
7765.jpg,
7772.jpg,
7773.jpg,
7774.jpg,
7776.jpg,
7777.jpg,
7786.jpg,
7788.jpg,
7793.jpg,
78.jpg,
7804.jpg,
7806.jpg,
7811.jpg,
7813.jpg,
7815.jpg,
7819.jpg,
7823.jpg,
7827.jpg,
783.jpg,
7831.jpg,
7835.jpg,
7845.jpg,
7846.jpg,
7848.jpg,
7865.jpg,
7871.jpg,
7874.jpg,
7875.jpg,
7877.jpg,
7878.jpg,
788.jpg,
7881.jpg,
7886.jpg,
7892.jpg,
7894.jpg,
7903.jpg,
7905.jpg,
7916.jpg,
7919.jpg,
7926.jpg,
7932.jpg,
7937.jpg,
794.jpg,
7943.jpg,
7948.jpg,
7953.jpg,
7957.jpg,
7962.jpg,
7963.jpg,
7975.jpg,
7976.jpg,
7979.jpg,
798.jpg,
7980.jpg,
7986.jpg,
8.jpg,
80.jpg,
800.jpg,
8000.jpg,
8001.jpg,
8003.jpg,
8016.jpg,
8020.jpg,
8021.jpg,
8027.jpg,
8034.jpg,
8035.jpg,
8039.jpg,
8040.jpg,
8042.jpg,
8043.jpg,
8049.jpg,
8052.jpg,
8054.jpg,
8056.jpg,
8063.jpg,
8065.jpg,
8067.jpg,
807.jpg,
8076.jpg,
8082.jpg,
8083.jpg,
8086.jpg,
8089.jpg,
8096.jpg,
8098.jpg,
8099.jpg,
8102.jpg,
8103.jpg,
8105.jpg,
8115.jpg,
8119.jpg,
8130.jpg,
8137.jpg,
8141.jpg,
8143.jpg,
8146.jpg,
8151.jpg,
816.jpg,
8163.jpg,
8164.jpg,
817.jpg,
8173.jpg,
8177.jpg,
8178.jpg,
8179.jpg,
8188.jpg,
8197.jpg,
8203.jpg,
8211.jpg,
8216.jpg,
822.jpg,
8223.jpg,
8228.jpg,
8233.jpg,
8238.jpg,
8239.jpg,
8240.jpg,
8247.jpg,
8252.jpg,
8262.jpg,
8264.jpg,
8266.jpg,
8267.jpg,
8268.jpg,
8275.jpg,
8276.jpg,
8280.jpg,
8284.jpg,
8293.jpg,
8295.jpg,
8299.jpg,
8301.jpg,
8303.jpg,
8309.jpg,
8316.jpg,
8322.jpg,
8329.jpg,
8331.jpg,
8333.jpg,
8334.jpg,
8338.jpg,
8347.jpg,
8350.jpg,
8352.jpg,
8355.jpg,
8373.jpg,
838.jpg,
8389.jpg,
8390.jpg,
8392.jpg,
8402.jpg,
8404.jpg,
841.jpg,
8410.jpg,
8415.jpg,
842.jpg,
8421.jpg,
8424.jpg,
843.jpg,
8430.jpg,
8433.jpg,
8434.jpg,
8439.jpg,
8449.jpg,
8454.jpg,
8457.jpg,
8471.jpg,
8473.jpg,
8474.jpg,
8478.jpg,
8481.jpg,
8483.jpg,
8489.jpg,
8498.jpg,
85.jpg,
8516.jpg,
8525.jpg,
8536.jpg,
8539.jpg,
854.jpg,
8548.jpg,
855.jpg,
8555.jpg,
8556.jpg,
8559.jpg,
856.jpg,
8580.jpg,
8581.jpg,
8585.jpg,
859.jpg,
8593.jpg,
8599.jpg,
861.jpg,
8611.jpg,
8614.jpg,
8637.jpg,
8639.jpg,
8645.jpg,
8649.jpg,
8657.jpg,
8659.jpg,
8661.jpg,
8662.jpg,
867.jpg,
8672.jpg,
8677.jpg,
8682.jpg,
8685.jpg,
8687.jpg,
8691.jpg,
8694.jpg,
8702.jpg,
8704.jpg,
8718.jpg,
8719.jpg,
872.jpg,
8724.jpg,
8726.jpg,
873.jpg,
8734.jpg,
8736.jpg,
8738.jpg,
8753.jpg,
8754.jpg,
8756.jpg,
8761.jpg,
8762.jpg,
8763.jpg,
8768.jpg,
8782.jpg,
8788.jpg,
8795.jpg,
8797.jpg,
880.jpg,
8802.jpg,
8814.jpg,
8818.jpg,
8820.jpg,
8834.jpg,
8837.jpg,
8842.jpg,
8851.jpg,
886.jpg,
8861.jpg,
8862.jpg,
8863.jpg,
8864.jpg,
8868.jpg,
8876.jpg,
8880.jpg,
8886.jpg,
8892.jpg,
8893.jpg,
8902.jpg,
891.jpg,
8915.jpg,
8916.jpg,
8919.jpg,
8925.jpg,
8928.jpg,
8940.jpg,
8946.jpg,
8948.jpg,
895.jpg,
8953.jpg,
8955.jpg,
8958.jpg,
8960.jpg,
8969.jpg,
897.jpg,
8973.jpg,
8976.jpg,
898.jpg,
8980.jpg,
8993.jpg,
9005.jpg,
9006.jpg,
9011.jpg,
9012.jpg,
9016.jpg,
9017.jpg,
9021.jpg,
9028.jpg,
9037.jpg,
9040.jpg,
9043.jpg,
9046.jpg,
9050.jpg,
9059.jpg,
906.jpg,
9060.jpg,
9066.jpg,
9069.jpg,
9070.jpg,
9071.jpg,
9073.jpg,
9082.jpg,
9085.jpg,
9087.jpg,
9094.jpg,
9099.jpg,
9100.jpg,
9101.jpg,
911.jpg,
9118.jpg,
9119.jpg,
9128.jpg,
913.jpg,
9141.jpg,
9142.jpg,
9147.jpg,
9149.jpg,
915.jpg,
9152.jpg,
9156.jpg,
9162.jpg,
9167.jpg,
917.jpg,
9170.jpg,
9171.jpg,
9174.jpg,
9179.jpg,
9180.jpg,
9202.jpg,
9205.jpg,
9206.jpg,
9209.jpg,
9219.jpg,
922.jpg,
9221.jpg,
9222.jpg,
9232.jpg,
9235.jpg,
9238.jpg,
9246.jpg,
9251.jpg,
9252.jpg,
9261.jpg,
9266.jpg,
9267.jpg,
9272.jpg,
9273.jpg,
9276.jpg,
9281.jpg,
9286.jpg,
9288.jpg,
9292.jpg,
9293.jpg,
9297.jpg,
9302.jpg,
9309.jpg,
9324.jpg,
9327.jpg,
9331.jpg,
9333.jpg,
9335.jpg,
9338.jpg,
9355.jpg,
9356.jpg,
9360.jpg,
9367.jpg,
9369.jpg,
9370.jpg,
9371.jpg,
9380.jpg,
9381.jpg,
9387.jpg,
9392.jpg,
9400.jpg,
9405.jpg,
9412.jpg,
9415.jpg,
9416.jpg,
942.jpg,
9420.jpg,
9434.jpg,
9437.jpg,
9442.jpg,
9450.jpg,
9453.jpg,
9454.jpg,
9457.jpg,
9459.jpg,
9460.jpg,
9463.jpg,
9465.jpg,
9467.jpg,
947.jpg,
9473.jpg,
9474.jpg,
9476.jpg,
9477.jpg,
9486.jpg,
949.jpg,
9498.jpg,
9499.jpg,
9504.jpg,
9507.jpg,
9508.jpg,
951.jpg,
9538.jpg,
9541.jpg,
9542.jpg,
9543.jpg,
9546.jpg,
9548.jpg,
9560.jpg,
9567.jpg,
9570.jpg,
9571.jpg,
9598.jpg,
9599.jpg,
9602.jpg,
9605.jpg,
9606.jpg,
9611.jpg,
9615.jpg,
9630.jpg,
9640.jpg,
9644.jpg,
966.jpg,
9681.jpg,
9687.jpg,
9689.jpg,
9691.jpg,
9693.jpg,
9698.jpg,
9701.jpg,
9712.jpg,
9713.jpg,
9715.jpg,
9718.jpg,
973.jpg,
9748.jpg,
9769.jpg,
977.jpg,
9773.jpg,
9774.jpg,
9776.jpg,
9785.jpg,
9786.jpg,
98.jpg,
9800.jpg,
9802.jpg,
9803.jpg,
9806.jpg,
9811.jpg,
9830.jpg,
9833.jpg,
9838.jpg,
9841.jpg,
9842.jpg,
9845.jpg,
9853.jpg,
9862.jpg,
9864.jpg,
9865.jpg,
9867.jpg,
987.jpg,
9874.jpg,
9878.jpg,
9884.jpg,
9885.jpg,
9889.jpg,
9890.jpg,
9893.jpg,
9897.jpg,
9898.jpg,
9901.jpg,
9923.jpg,
993.jpg,
9931.jpg,
9933.jpg,
9936.jpg,
9975.jpg,
9977.jpg,
9979.jpg,
9982.jpg,
9984.jpg,
9993.jpg,
