id_img,label
10004,angry
10019,sad
10023,fear
10029,surprise
1003,sad
10031,sad
10033,neutral
10043,angry
10044,happy
10048,happy
10052,happy
10053,angry
10056,surprise
10065,sad
10068,neutral
10073,sad
10074,happy
10079,angry
1008,fear
10095,angry
10096,happy
10097,neutral
10099,neutral
101,neutral
10106,happy
10114,neutral
10116,angry
10117,angry
10118,sad
10121,angry
10126,happy
10134,neutral
10138,happy
10141,surprise
10148,angry
10150,happy
10162,surprise
10163,angry
10171,neutral
10172,sad
10176,happy
10185,surprise
10189,sad
1020,happy
10215,angry
10218,happy
1022,sad
10237,happy
1024,neutral
10246,happy
10247,sad
10248,happy
10252,sad
10257,happy
10259,surprise
1026,neutral
10263,neutral
10266,neutral
10267,fear
10268,happy
1027,happy
10273,neutral
10276,happy
10278,angry
10286,angry
10292,angry
10306,surprise
10312,happy
10315,angry
10317,happy
1033,surprise
10336,neutral
10338,fear
10339,sad
10344,happy
10346,angry
10352,sad
10355,fear
10362,happy
10365,surprise
10367,happy
10370,happy
10371,angry
10372,surprise
10375,happy
10382,happy
10383,sad
10386,sad
10399,neutral
10406,neutral
10409,happy
10415,neutral
10423,angry
10425,neutral
10426,angry
10432,happy
10435,disgust
10437,sad
10443,sad
10444,surprise
10445,angry
1045,happy
10455,sad
10456,surprise
10458,sad
10467,happy
10468,neutral
10480,happy
10489,fear
10493,surprise
10512,neutral
10518,neutral
10528,happy
10532,neutral
10533,neutral
10534,surprise
10535,angry
10540,happy
10545,surprise
10549,sad
10551,neutral
10552,happy
10554,angry
1056,happy
10561,sad
10571,surprise
1058,happy
10583,fear
10607,neutral
10620,sad
10622,happy
10624,neutral
10625,fear
10634,sad
10638,neutral
10640,happy
10644,happy
10647,sad
10653,neutral
10655,surprise
10676,neutral
10683,happy
10686,neutral
10693,neutral
10694,fear
10699,angry
10701,surprise
10702,neutral
10703,neutral
1071,angry
10713,happy
10715,angry
10734,surprise
1074,happy
10741,neutral
10743,angry
10746,neutral
1075,sad
10755,happy
10758,sad
10768,surprise
10769,happy
10770,sad
10773,happy
10774,neutral
1078,angry
10787,sad
1079,sad
10792,fear
10797,fear
10800,surprise
1081,happy
10811,happy
10813,fear
10818,neutral
10820,surprise
10823,surprise
10825,neutral
10832,neutral
10837,neutral
10839,angry
10841,happy
10854,angry
10866,surprise
10871,sad
10879,angry
10881,sad
10902,neutral
10903,happy
10906,sad
10909,happy
10916,neutral
10919,sad
10926,neutral
1093,neutral
10931,surprise
10933,angry
10935,happy
1094,neutral
10944,fear
10950,surprise
10956,happy
10968,neutral
10970,angry
10979,neutral
10992,happy
11000,fear
11002,angry
1101,fear
11017,angry
11019,happy
11022,sad
11024,angry
11025,sad
11026,sad
11028,sad
11030,fear
11031,sad
11032,surprise
11034,sad
11036,fear
11038,sad
11039,neutral
11043,surprise
11054,surprise
11055,happy
11057,neutral
1106,angry
11065,sad
1107,neutral
11075,angry
11093,sad
11096,fear
11098,neutral
11100,neutral
11104,angry
11108,neutral
1111,happy
11112,fear
11126,happy
11130,sad
11137,surprise
11138,neutral
11139,surprise
11140,sad
11143,neutral
11146,sad
1115,neutral
11150,happy
11158,neutral
1116,sad
11163,sad
11168,neutral
11169,happy
1118,surprise
11180,happy
11186,angry
11188,angry
11192,sad
112,neutral
11200,sad
11208,happy
11209,happy
1121,happy
11213,neutral
11218,angry
11222,disgust
11233,happy
11234,angry
11236,happy
1124,angry
11241,neutral
11251,angry
1126,neutral
11264,happy
11266,sad
11269,neutral
1127,sad
11277,sad
11278,sad
1128,surprise
11280,sad
11284,sad
11295,angry
1130,fear
11302,surprise
11316,neutral
11317,neutral
1133,neutral
11337,angry
11342,angry
11345,happy
11346,happy
11349,happy
11353,angry
11358,neutral
11360,happy
1137,neutral
11381,happy
11390,neutral
11392,happy
11395,fear
11398,sad
11400,neutral
1141,disgust
11412,fear
11414,surprise
11416,fear
11418,surprise
1142,neutral
11421,angry
11429,sad
11448,happy
11451,surprise
11462,happy
11466,surprise
11467,neutral
11471,fear
1148,sad
11491,neutral
115,sad
11500,happy
11508,neutral
11516,happy
11518,neutral
1152,happy
11523,sad
11529,disgust
11530,happy
11536,fear
1154,neutral
11549,happy
11552,happy
11558,happy
11559,angry
1156,neutral
11560,sad
11561,sad
11573,happy
11575,happy
11581,sad
11582,sad
11587,neutral
11588,happy
11589,happy
1159,happy
11594,happy
11601,sad
11603,neutral
11604,neutral
11610,angry
11613,happy
11614,happy
11626,fear
11632,neutral
11637,happy
11639,disgust
11640,happy
11642,neutral
11646,happy
11653,fear
11654,neutral
11658,happy
11660,neutral
11662,happy
11670,surprise
11675,neutral
11682,fear
11686,neutral
11687,angry
11689,neutral
1169,neutral
11694,angry
11704,surprise
11706,neutral
11717,happy
11721,surprise
11722,happy
11725,sad
11727,neutral
11729,sad
1173,sad
11733,happy
11738,sad
11746,sad
11747,neutral
11754,neutral
1176,surprise
11763,happy
11766,happy
1177,angry
11772,happy
11774,sad
11783,neutral
11785,happy
11786,happy
11790,sad
11793,neutral
11794,sad
11808,happy
11813,angry
11814,happy
11816,sad
11818,sad
11819,happy
11823,sad
11834,neutral
11835,surprise
11836,sad
11841,angry
11842,happy
11848,surprise
11849,angry
11850,happy
11855,angry
11865,angry
11867,neutral
11872,neutral
11875,sad
11876,sad
11880,neutral
11883,surprise
11885,neutral
11889,surprise
1189,angry
11891,sad
11902,surprise
11904,fear
11909,angry
11913,neutral
11927,happy
11928,neutral
1193,surprise
11944,surprise
11949,angry
11964,sad
11966,sad
11968,surprise
11977,neutral
11978,sad
1198,angry
11986,angry
11999,sad
12011,happy
1202,happy
12024,happy
12040,sad
12042,neutral
1206,angry
12063,neutral
12074,sad
12086,angry
12090,happy
12092,angry
12096,neutral
12098,happy
12100,neutral
12106,neutral
12107,surprise
12113,sad
12116,sad
12117,neutral
12119,sad
12120,happy
12125,sad
12129,happy
12131,surprise
12134,surprise
12136,neutral
12141,happy
12144,happy
1215,neutral
12162,sad
12171,sad
12173,neutral
12183,surprise
12190,angry
12191,happy
1220,neutral
12202,sad
12215,neutral
1222,neutral
12230,angry
12237,fear
12239,happy
12246,neutral
12255,sad
12257,happy
12259,happy
12267,happy
1227,sad
12272,neutral
12284,happy
12289,fear
12307,neutral
12312,surprise
12313,fear
12318,sad
12319,sad
12320,happy
12321,happy
12329,happy
12334,angry
12338,surprise
12349,happy
1235,angry
12350,surprise
12352,neutral
12359,happy
12361,sad
12363,angry
12364,sad
12366,neutral
12376,happy
12379,neutral
12381,surprise
12383,happy
1239,surprise
12407,neutral
12410,happy
12417,disgust
12423,neutral
12431,neutral
12440,neutral
1246,happy
12463,fear
12470,surprise
12472,neutral
1248,sad
12487,happy
12489,sad
1249,surprise
12492,neutral
12496,fear
12497,surprise
12498,sad
12500,happy
12504,surprise
12508,neutral
12512,sad
12519,fear
12524,sad
12527,fear
12529,surprise
12547,sad
12551,surprise
12557,happy
12560,happy
12567,happy
12569,happy
12578,happy
12581,happy
12591,neutral
12592,fear
12594,neutral
12600,happy
12611,happy
12621,sad
12626,surprise
12634,angry
1264,sad
12647,neutral
12648,sad
12659,neutral
12661,sad
12672,happy
12674,neutral
12676,angry
12680,angry
12684,angry
12695,neutral
12698,surprise
12702,sad
12705,neutral
12712,fear
12723,surprise
12725,happy
12729,fear
12733,angry
12737,surprise
12748,surprise
12753,disgust
12758,sad
12768,surprise
12772,happy
12776,happy
12789,happy
12791,neutral
12801,neutral
12808,angry
12809,sad
12810,angry
12818,neutral
12827,sad
12841,angry
12842,angry
12851,angry
12852,neutral
12861,happy
12869,neutral
12879,neutral
12885,happy
12891,sad
12899,neutral
12903,happy
12904,happy
12924,happy
12928,neutral
12933,neutral
12936,neutral
12945,sad
12948,surprise
12951,happy
12956,happy
12957,happy
12958,neutral
12960,fear
12973,surprise
12976,sad
1298,neutral
12986,angry
12988,sad
1300,happy
13000,angry
13009,surprise
13027,sad
13029,angry
13037,happy
13041,angry
13047,angry
13051,neutral
13057,surprise
13059,angry
13067,neutral
13071,neutral
13073,happy
13080,surprise
1309,happy
13091,angry
13092,neutral
131,sad
13101,surprise
13105,happy
13108,sad
13114,sad
13118,angry
13121,fear
13127,neutral
1313,neutral
13139,happy
13145,surprise
13150,neutral
13151,sad
13152,fear
1316,happy
13161,sad
13162,sad
13164,neutral
13167,angry
13169,neutral
13179,sad
13180,sad
13187,sad
13188,fear
13203,happy
13204,happy
13205,surprise
13212,happy
13220,neutral
13228,happy
13230,fear
13233,sad
13237,fear
13242,neutral
1325,neutral
13250,angry
13252,neutral
13267,fear
13279,angry
1328,sad
13283,happy
13288,surprise
13293,fear
13296,sad
13301,happy
13306,angry
13308,angry
13310,angry
13317,angry
13322,happy
13334,neutral
13337,neutral
13339,sad
1334,neutral
13348,fear
13351,sad
13353,happy
1336,neutral
13362,fear
13363,happy
13366,fear
13372,disgust
13376,neutral
13380,neutral
13385,happy
1339,neutral
13394,neutral
13395,neutral
1340,angry
13405,sad
13409,neutral
1341,happy
13411,neutral
13421,neutral
13424,neutral
13427,happy
13428,happy
1343,angry
13430,neutral
13431,neutral
13433,sad
13441,sad
13449,happy
13456,happy
13460,surprise
13467,neutral
13476,happy
13482,sad
13483,fear
13486,sad
13488,sad
13498,neutral
135,angry
1350,neutral
13502,happy
13505,happy
13510,sad
13514,sad
13518,fear
13521,surprise
13526,happy
13528,happy
1353,sad
13531,neutral
13533,fear
13535,angry
13549,surprise
13561,surprise
13562,sad
13570,happy
13575,sad
1358,sad
13582,sad
13584,happy
13585,angry
13586,angry
13587,happy
13590,happy
13593,sad
13596,fear
13597,angry
13598,angry
13599,neutral
13603,sad
13607,angry
13615,angry
13618,happy
13619,neutral
13622,surprise
13631,neutral
13633,sad
13638,sad
1364,happy
13644,neutral
13652,angry
13653,happy
13655,happy
13664,surprise
13666,sad
1367,fear
13670,sad
13671,sad
13672,angry
13683,fear
13684,surprise
13692,sad
13694,fear
13695,neutral
13703,happy
13706,happy
13714,sad
13715,happy
13726,sad
13738,angry
13740,surprise
13757,happy
13758,neutral
1376,surprise
13761,neutral
13792,happy
13793,sad
13798,fear
13800,angry
13801,fear
13802,happy
13808,sad
1381,happy
13812,neutral
13825,surprise
13833,happy
13834,happy
13837,neutral
13843,neutral
13847,angry
13848,happy
13852,sad
13855,fear
1386,happy
13870,sad
13874,happy
13876,surprise
13877,happy
13888,happy
1389,sad
13890,fear
13897,neutral
13899,sad
139,happy
13907,sad
13909,sad
13911,happy
13912,surprise
13913,sad
13921,sad
13925,happy
13928,surprise
13933,neutral
13939,surprise
13940,fear
1395,fear
13955,neutral
13965,angry
13968,surprise
13969,happy
13971,sad
13978,angry
13979,sad
13983,neutral
13991,happy
1401,neutral
14011,fear
14022,angry
14030,angry
14033,neutral
14037,neutral
14041,neutral
14044,sad
14047,neutral
14048,sad
14057,happy
14058,sad
14063,happy
1407,angry
14070,sad
14080,surprise
14082,fear
14091,disgust
14092,happy
141,neutral
1410,angry
14106,neutral
14108,angry
1411,neutral
14113,sad
14114,angry
14115,surprise
14117,angry
14118,happy
14120,angry
14122,surprise
14127,neutral
14135,neutral
14136,sad
14139,happy
14148,sad
14152,happy
14154,neutral
14155,happy
14169,happy
14170,happy
14174,neutral
14175,angry
14185,sad
14187,neutral
14190,neutral
1420,sad
14206,angry
14208,sad
1422,neutral
14224,neutral
14226,sad
14236,happy
14243,neutral
14250,sad
14268,fear
14278,happy
14282,happy
1429,neutral
14292,happy
14305,surprise
14306,sad
14310,happy
14314,happy
14315,angry
14327,happy
14329,angry
14331,surprise
14342,neutral
14346,angry
14348,happy
14352,neutral
14357,angry
14360,happy
14362,sad
14371,happy
14375,fear
14376,neutral
14378,happy
1438,neutral
14381,sad
14384,sad
14388,sad
14406,neutral
1441,sad
14419,fear
14421,angry
14427,happy
14436,neutral
14438,sad
14444,sad
14448,neutral
14452,neutral
14459,fear
14464,angry
14472,sad
14473,happy
14474,sad
14475,happy
14481,angry
14484,sad
14487,neutral
1449,surprise
14494,sad
14495,neutral
14496,neutral
14498,neutral
14505,sad
14509,fear
14513,sad
14516,happy
14517,angry
14518,neutral
14522,sad
14524,sad
14529,surprise
14542,neutral
14546,happy
14550,neutral
14551,surprise
14557,neutral
14561,sad
14564,sad
1457,surprise
14572,angry
14574,sad
14578,sad
14586,neutral
14593,sad
1460,sad
14605,sad
14611,happy
14620,angry
14637,neutral
14641,neutral
14645,happy
14647,surprise
1465,angry
14671,happy
14682,sad
14691,surprise
14696,fear
14697,surprise
14700,happy
14703,neutral
14706,neutral
14717,fear
14722,sad
14729,sad
14730,happy
1474,fear
14741,neutral
14744,happy
14747,neutral
14757,happy
14759,neutral
1477,surprise
14775,neutral
14786,angry
14789,fear
14792,happy
14798,surprise
148,angry
1482,neutral
14821,happy
14831,angry
14835,sad
14836,angry
1485,surprise
14859,neutral
14867,neutral
14869,sad
14870,angry
14877,happy
14891,fear
1491,happy
14914,fear
14927,happy
14929,neutral
1493,happy
14945,neutral
14954,sad
14957,neutral
14958,neutral
14965,happy
14968,surprise
14973,sad
14980,neutral
14987,sad
15001,neutral
15007,neutral
15008,fear
15012,angry
15013,fear
15034,surprise
15037,happy
15039,happy
15040,angry
15044,neutral
15047,surprise
15052,happy
1506,sad
15060,happy
15070,neutral
15074,fear
15077,happy
15078,sad
1508,sad
15088,neutral
15090,sad
15099,happy
15101,surprise
15102,neutral
15106,neutral
15110,angry
1512,happy
15120,neutral
15121,sad
15129,sad
15132,fear
15134,fear
15138,angry
15145,fear
15147,happy
1515,neutral
15167,sad
15168,neutral
15169,sad
15172,fear
15179,surprise
15181,happy
15190,neutral
15191,fear
15192,sad
15193,neutral
15194,angry
15198,angry
15207,happy
15208,sad
15210,neutral
15212,happy
15216,angry
15217,neutral
15220,sad
15221,sad
15222,neutral
15229,happy
15238,surprise
15244,surprise
15248,neutral
15257,sad
15260,fear
15263,surprise
15268,angry
15269,angry
15271,happy
15279,sad
15280,angry
15289,sad
15292,happy
15293,sad
15294,disgust
15295,sad
15310,happy
15323,happy
15331,happy
15333,neutral
15334,sad
15335,happy
1534,happy
15350,neutral
15354,surprise
1536,sad
15365,fear
15366,neutral
15373,sad
15378,fear
1538,happy
15383,surprise
15387,neutral
15397,happy
15400,happy
15405,fear
15409,happy
15416,happy
15426,happy
15432,sad
15436,sad
15438,happy
15441,neutral
15443,happy
15445,neutral
15447,fear
15454,surprise
15455,neutral
15459,angry
15462,neutral
15467,surprise
15468,neutral
15474,angry
15484,sad
15486,surprise
15487,surprise
1549,sad
15494,happy
15500,angry
15502,neutral
15503,happy
15518,happy
15520,neutral
15523,surprise
15524,surprise
15527,surprise
15529,sad
15533,surprise
15534,neutral
15535,sad
15536,neutral
15539,neutral
15544,sad
1555,neutral
15562,angry
15565,neutral
15568,angry
15570,sad
15578,sad
15580,neutral
15589,happy
15592,happy
1560,neutral
15611,angry
15613,sad
15615,surprise
15616,happy
15621,happy
15622,angry
15628,surprise
15634,fear
15635,fear
15637,happy
15638,neutral
15642,sad
15644,neutral
15651,happy
15654,angry
15657,sad
15663,sad
15668,sad
15677,happy
15678,angry
15686,happy
15696,neutral
15697,sad
15699,fear
157,angry
15708,happy
15709,happy
15712,sad
15713,neutral
15715,fear
15716,sad
15717,sad
1572,fear
15721,neutral
15725,fear
1575,happy
15758,happy
1576,neutral
15767,happy
15771,disgust
15778,surprise
15788,neutral
15791,surprise
15795,neutral
15802,happy
1582,neutral
15820,sad
15821,neutral
15824,neutral
1583,happy
15835,sad
1584,angry
15843,happy
15847,neutral
15848,angry
15854,happy
15859,angry
15867,neutral
15870,fear
15881,surprise
15885,sad
15890,happy
15897,sad
15904,sad
15909,sad
15910,happy
15919,angry
15921,fear
15922,fear
15929,sad
15932,sad
15941,angry
15944,neutral
15950,angry
15954,happy
15963,sad
15966,fear
15976,happy
15979,angry
15983,neutral
15984,fear
1599,fear
15999,happy
16003,sad
16010,sad
16019,neutral
16021,happy
16033,neutral
16037,angry
16039,fear
16042,happy
16053,happy
16054,happy
16056,happy
1606,angry
16064,happy
16071,fear
16075,sad
16076,happy
16081,happy
16087,sad
16094,fear
16101,neutral
16102,happy
16106,neutral
16108,happy
16110,angry
16113,fear
16120,happy
16121,angry
16125,sad
16133,surprise
16134,fear
16141,happy
16143,surprise
16151,neutral
16169,angry
16172,surprise
16192,happy
16196,neutral
16198,happy
16208,sad
16222,sad
16226,sad
16229,surprise
16233,sad
16237,surprise
16238,happy
16257,fear
16264,angry
16275,happy
16277,fear
1628,happy
16280,surprise
16287,angry
16292,angry
16304,angry
16308,happy
16318,fear
16324,neutral
16329,neutral
16330,happy
16338,sad
16346,surprise
16350,neutral
16363,sad
16370,happy
16374,surprise
16375,happy
16380,angry
16387,happy
16388,neutral
16389,surprise
16395,sad
16396,surprise
1640,happy
16405,angry
16406,angry
16407,sad
16410,angry
16413,neutral
16415,neutral
16419,neutral
16423,happy
16428,neutral
16429,neutral
16440,surprise
16441,fear
16443,sad
16444,happy
1645,neutral
16450,happy
16460,neutral
16463,sad
16464,angry
16475,sad
16476,neutral
16478,sad
16486,fear
16489,angry
16501,neutral
16503,sad
16506,sad
16507,happy
16508,neutral
16510,surprise
16511,neutral
16523,neutral
16530,surprise
16535,sad
16539,sad
1654,happy
16550,happy
16557,sad
16558,sad
16559,sad
1656,neutral
16562,happy
16565,neutral
16569,sad
1657,surprise
16570,sad
16575,neutral
16583,happy
16588,happy
16596,happy
1660,fear
16604,happy
16609,sad
16611,happy
16619,fear
16632,angry
16633,happy
16643,angry
16645,angry
16646,fear
16649,happy
16659,fear
16666,fear
16667,happy
16674,surprise
16681,neutral
16685,neutral
1669,neutral
16696,angry
16699,happy
167,happy
1670,neutral
16700,happy
16706,sad
16710,sad
16711,happy
16712,sad
16714,neutral
16718,disgust
1672,sad
16721,surprise
16734,happy
16738,happy
1675,neutral
16751,angry
16752,sad
16756,neutral
16759,neutral
16764,happy
16768,angry
16770,happy
16774,happy
16775,fear
16776,angry
1678,sad
16783,neutral
16787,neutral
16788,fear
16792,angry
16795,happy
16798,sad
16799,happy
16802,sad
16809,happy
16811,neutral
16817,neutral
16818,happy
16821,sad
16823,neutral
16829,happy
1683,angry
16830,fear
16837,neutral
16839,sad
16845,neutral
1685,neutral
16860,neutral
16863,neutral
16875,happy
1688,angry
16886,surprise
16890,neutral
16895,sad
16901,fear
16915,sad
16930,sad
16938,sad
16947,surprise
16952,happy
16954,neutral
16959,surprise
16962,neutral
16964,happy
16967,happy
16969,neutral
16971,happy
16977,sad
16980,surprise
16985,neutral
16989,angry
1699,happy
16990,sad
16995,surprise
16999,angry
17002,fear
17003,sad
17007,neutral
17010,fear
17011,sad
17015,neutral
17016,fear
17018,neutral
17019,fear
17021,neutral
17022,happy
17024,angry
17027,surprise
17028,neutral
17032,happy
1704,sad
17041,happy
17044,neutral
17053,neutral
1707,happy
17085,sad
17098,happy
17099,sad
1710,surprise
17100,neutral
17104,happy
17105,sad
17107,fear
17114,fear
17117,happy
17128,sad
17131,neutral
17137,fear
17148,surprise
17157,sad
1716,happy
17161,happy
17163,neutral
17167,angry
1717,angry
17170,neutral
17177,surprise
17180,fear
17186,angry
17188,happy
17191,fear
17194,happy
172,sad
17205,surprise
17206,angry
17207,happy
17209,happy
17211,happy
17212,neutral
17213,happy
17215,angry
17217,fear
1722,surprise
17220,happy
17228,sad
17231,neutral
17236,fear
17237,fear
17245,happy
17248,happy
17251,happy
17257,sad
17259,neutral
17260,angry
17267,fear
1727,angry
17273,neutral
17275,sad
17276,neutral
17279,sad
17290,surprise
17293,sad
17295,sad
17297,neutral
17309,surprise
17314,angry
17316,angry
17318,sad
17319,happy
17331,neutral
17334,sad
17341,neutral
17344,angry
17345,neutral
1735,surprise
17350,happy
17359,neutral
1736,neutral
17363,sad
17367,neutral
17369,sad
1737,neutral
17371,angry
1738,sad
17381,happy
17397,happy
17402,happy
17413,fear
17417,neutral
17422,fear
17424,neutral
17426,sad
17428,sad
17429,neutral
17432,sad
17433,fear
17445,neutral
17447,happy
17449,sad
17452,angry
17462,neutral
17470,surprise
17479,fear
17484,happy
17485,happy
17494,happy
17498,happy
1750,fear
17502,sad
17503,happy
17506,neutral
1751,neutral
17518,fear
17524,happy
17536,angry
17538,neutral
17541,happy
17543,happy
17550,sad
17552,happy
17555,neutral
17558,sad
1756,fear
17563,sad
17582,angry
17587,sad
1759,neutral
17597,neutral
17598,neutral
176,surprise
17607,neutral
17609,happy
17610,surprise
17624,happy
17625,neutral
17631,sad
1764,surprise
17647,angry
17654,happy
17662,neutral
17666,neutral
17668,fear
17678,neutral
1768,happy
17682,happy
17684,happy
17685,surprise
17692,happy
17693,surprise
17694,happy
17695,neutral
17698,happy
1770,happy
17700,angry
17702,happy
17705,angry
17707,sad
17710,fear
17713,sad
17715,happy
17717,angry
1772,neutral
17730,sad
17731,angry
17735,angry
17736,angry
17746,sad
17752,sad
17762,neutral
17763,neutral
17767,sad
17772,happy
17775,sad
1778,angry
17784,sad
17787,angry
17790,neutral
17794,sad
17799,happy
17802,neutral
17815,neutral
17816,angry
17821,happy
17831,sad
17834,happy
17837,neutral
17845,surprise
1785,neutral
1787,happy
17886,sad
17887,sad
17901,fear
17904,happy
17906,angry
17910,angry
17912,sad
17919,surprise
1793,happy
17930,fear
17932,sad
17934,sad
17936,happy
17939,angry
17952,surprise
1796,sad
17973,neutral
17980,fear
1799,sad
1800,surprise
18001,sad
18006,angry
18010,angry
18016,happy
18018,happy
18025,neutral
18026,surprise
18033,happy
18035,neutral
18037,happy
18038,surprise
18047,sad
18050,angry
18067,sad
18068,happy
18073,fear
18077,neutral
18080,happy
18082,happy
18101,sad
18104,sad
18106,angry
18108,surprise
18117,angry
18120,angry
18130,angry
18132,surprise
18140,neutral
18142,angry
18148,neutral
1815,sad
18161,surprise
18165,happy
18166,surprise
18168,angry
18173,happy
18180,neutral
18181,sad
18183,angry
1819,neutral
18193,neutral
18198,surprise
18200,angry
18203,angry
18205,happy
18208,angry
18223,neutral
18226,happy
18237,happy
18245,happy
18247,angry
18249,sad
1825,sad
18250,happy
18254,sad
18256,happy
18259,surprise
18260,happy
18270,fear
18281,neutral
18284,neutral
18285,surprise
18288,neutral
18291,happy
18297,happy
18299,happy
1830,neutral
18300,sad
18301,neutral
18308,happy
18309,happy
18312,neutral
18313,surprise
18317,sad
18321,neutral
18325,angry
18336,fear
18339,neutral
18345,sad
18349,angry
1835,neutral
18361,sad
18364,neutral
18367,neutral
18376,angry
1838,fear
18380,sad
18381,sad
18383,happy
18388,neutral
18389,neutral
18393,surprise
18404,fear
18405,happy
1841,angry
18415,sad
18424,sad
18425,happy
1843,happy
18431,neutral
18436,neutral
18442,happy
18443,happy
18445,angry
18457,sad
18459,sad
18464,disgust
18466,angry
18469,sad
18471,happy
18475,sad
18476,happy
18483,happy
18487,happy
18492,angry
18497,neutral
18503,happy
18505,neutral
18513,angry
18517,happy
18521,surprise
18523,fear
18527,fear
18531,happy
18534,angry
1854,sad
18541,sad
18542,fear
18545,neutral
18550,sad
18554,neutral
18555,surprise
18556,happy
18565,angry
18566,angry
18568,neutral
18569,angry
1857,neutral
18573,angry
18574,angry
18577,surprise
18578,happy
18588,angry
18593,fear
18602,angry
18610,sad
18613,sad
18615,neutral
18617,neutral
18619,surprise
18631,surprise
18633,angry
1864,surprise
18641,fear
18655,happy
18658,neutral
18662,happy
18678,fear
18687,neutral
1869,happy
18695,fear
187,happy
18700,fear
18703,neutral
18706,surprise
18708,neutral
18713,sad
18715,angry
18716,angry
18725,angry
18729,happy
1873,surprise
18732,sad
18734,sad
1874,happy
18742,surprise
18753,sad
18757,sad
18763,fear
18778,neutral
18779,angry
18783,happy
18791,neutral
1880,angry
18803,neutral
18810,surprise
18822,happy
18825,neutral
18827,happy
18834,happy
18835,happy
18837,angry
18842,neutral
18849,happy
18855,neutral
18861,happy
18862,surprise
18864,surprise
1887,happy
18872,sad
18873,happy
18882,angry
18885,happy
18888,happy
18897,angry
18898,happy
18903,sad
18904,surprise
18905,fear
18908,fear
18909,sad
1891,neutral
18911,surprise
18914,angry
1892,neutral
18926,neutral
18927,sad
18930,happy
18944,happy
18948,happy
18949,sad
18952,happy
1896,neutral
18960,neutral
18962,angry
1897,neutral
18973,happy
18974,angry
18976,angry
18983,neutral
18984,sad
18986,neutral
1899,angry
18994,angry
19000,sad
19008,happy
19009,happy
19012,happy
19014,happy
19020,surprise
19025,neutral
19029,sad
19049,happy
19051,surprise
19056,happy
19060,sad
19062,happy
19063,sad
19064,fear
19067,neutral
19074,happy
1908,angry
19082,fear
19084,sad
19089,neutral
19093,angry
19095,sad
19105,happy
19108,angry
1911,surprise
19114,surprise
19115,angry
19119,sad
19127,sad
19130,happy
19131,neutral
19132,happy
19137,happy
1914,surprise
19140,angry
19142,neutral
19145,neutral
19148,happy
19152,angry
19160,neutral
19162,happy
19165,happy
19177,surprise
19179,neutral
19181,happy
19187,fear
19188,sad
1919,happy
192,fear
1920,happy
19204,neutral
19210,happy
19214,sad
19216,fear
19226,neutral
19234,neutral
19235,surprise
19245,happy
19252,sad
19259,angry
1926,sad
19263,happy
19267,surprise
19268,neutral
19269,happy
19274,neutral
19284,happy
19285,sad
1929,fear
19291,sad
19292,neutral
19303,sad
19309,neutral
1931,sad
19314,surprise
19317,happy
19318,happy
19323,happy
19329,angry
19340,happy
19346,happy
19349,neutral
19357,happy
19362,happy
19364,neutral
1937,sad
19370,happy
19373,neutral
19377,happy
19378,happy
1938,happy
19384,fear
19389,neutral
1939,neutral
19390,sad
19392,sad
19398,happy
19402,neutral
19411,neutral
19422,sad
19431,surprise
19435,neutral
19438,happy
19449,happy
1945,surprise
19454,neutral
19461,happy
19470,fear
19473,sad
19476,happy
19477,sad
19478,happy
19485,sad
19486,sad
19492,happy
19495,fear
19496,happy
19497,fear
19499,happy
19514,happy
1952,surprise
1953,happy
19531,sad
19533,neutral
19535,sad
19536,happy
19548,sad
19549,happy
19559,angry
19568,sad
19571,neutral
19578,neutral
19581,neutral
19589,happy
19590,neutral
19591,neutral
19594,surprise
19597,happy
19599,fear
196,happy
19600,happy
19601,surprise
19605,sad
19607,sad
19609,neutral
19612,sad
19615,neutral
19643,neutral
19644,neutral
19649,sad
19650,surprise
1966,angry
19663,sad
19664,neutral
19665,surprise
19668,happy
19674,sad
19680,happy
19682,angry
19696,happy
19700,happy
19709,happy
19711,happy
1972,neutral
19720,happy
1973,sad
19731,neutral
19732,angry
19734,fear
1974,happy
19740,surprise
19744,neutral
19747,happy
19748,happy
19754,sad
19755,surprise
19768,happy
19770,neutral
19785,sad
19793,happy
19795,surprise
19797,sad
19799,sad
19801,neutral
19803,happy
19810,angry
19811,angry
19829,sad
1983,fear
19831,sad
19832,angry
19837,happy
19841,fear
19855,sad
1986,fear
19861,sad
19863,neutral
19864,neutral
19877,sad
1988,angry
19880,neutral
19883,happy
19888,angry
19889,happy
19893,sad
19896,neutral
19897,angry
19906,sad
19918,sad
1992,surprise
19923,angry
19934,sad
1994,fear
19950,neutral
19953,happy
19957,happy
19958,happy
19961,happy
19962,happy
19968,happy
19969,neutral
19972,surprise
19973,sad
19975,angry
19983,neutral
19993,neutral
19995,fear
20,sad
200,sad
20008,neutral
2001,happy
20019,neutral
20023,happy
20025,happy
20028,neutral
20032,happy
20036,neutral
20037,fear
20039,happy
20041,happy
20048,happy
20058,fear
2006,fear
20062,happy
20072,sad
20073,sad
20083,fear
20091,happy
201,sad
20104,neutral
20111,happy
2012,happy
20120,happy
20122,happy
20135,sad
20140,happy
20146,surprise
20148,surprise
20150,neutral
20155,happy
20157,happy
20162,surprise
20165,happy
20167,surprise
20171,sad
20181,happy
2019,happy
20192,neutral
20193,sad
20194,fear
20196,happy
20208,happy
20213,happy
20214,sad
20216,neutral
20217,fear
20218,happy
20222,angry
20223,neutral
20227,neutral
20229,happy
20239,sad
20252,happy
20257,sad
20262,surprise
20265,happy
20267,happy
20272,sad
20274,neutral
20285,happy
20287,surprise
20289,neutral
20290,angry
20293,surprise
20296,sad
20298,surprise
20301,neutral
20303,angry
20312,happy
20313,neutral
20318,happy
20328,angry
20337,neutral
20353,angry
20355,happy
20360,neutral
20365,happy
20369,surprise
20371,fear
20372,neutral
20373,surprise
20374,angry
20377,happy
20387,surprise
2039,sad
20395,sad
20400,neutral
20407,surprise
20411,neutral
20412,happy
20416,neutral
20424,angry
20430,happy
20432,neutral
2044,neutral
20445,happy
20450,fear
20451,fear
20461,fear
20467,surprise
20468,sad
20469,angry
2047,sad
20476,angry
20490,happy
20495,sad
2050,angry
20500,happy
20505,angry
20507,happy
20508,surprise
20511,angry
20514,angry
20517,neutral
20519,happy
20526,neutral
2053,neutral
20532,sad
20547,happy
20549,sad
2055,angry
20560,sad
20561,happy
20563,neutral
20567,happy
20573,fear
20579,neutral
2058,happy
20580,happy
20584,surprise
20588,sad
20589,sad
20594,happy
20595,happy
20598,angry
20603,surprise
20616,happy
20617,neutral
20621,neutral
20629,angry
20630,angry
20635,angry
2064,happy
20640,angry
20650,happy
20653,angry
20656,sad
20664,neutral
20665,neutral
20666,happy
20667,angry
20670,neutral
20673,angry
20675,neutral
2068,neutral
20680,sad
20684,happy
20685,happy
20686,happy
2069,happy
20691,surprise
20715,neutral
20736,angry
20737,happy
20739,angry
20745,happy
20750,sad
20761,fear
20786,surprise
20796,angry
20814,neutral
20817,surprise
20821,happy
20829,happy
20831,sad
20833,sad
2084,sad
20843,fear
20849,neutral
20850,happy
20851,sad
20855,surprise
20856,neutral
20857,happy
20865,happy
20866,happy
20875,neutral
20882,surprise
20889,happy
20892,sad
20893,angry
20897,angry
2090,surprise
20908,neutral
2091,surprise
20918,happy
20933,neutral
20935,surprise
20941,happy
20945,happy
20947,happy
20948,neutral
20949,happy
20958,happy
20964,fear
20967,surprise
20970,sad
20972,angry
20979,angry
2098,angry
20984,happy
20988,happy
20989,surprise
20994,neutral
21,fear
210,happy
21005,sad
21006,happy
21025,sad
21027,happy
21029,surprise
21030,angry
21033,happy
21036,sad
21044,fear
21068,angry
21070,fear
21072,surprise
21074,surprise
21077,angry
21078,neutral
21082,happy
21092,sad
21097,happy
21098,happy
21099,angry
21101,angry
21102,fear
21104,neutral
21111,fear
21120,happy
21131,surprise
21135,angry
2114,happy
21143,happy
21148,surprise
21150,neutral
21151,fear
21153,fear
21154,surprise
21161,angry
21166,neutral
21167,angry
2117,surprise
21173,angry
21177,happy
21185,happy
2119,surprise
21199,sad
2120,surprise
21200,neutral
21201,angry
21210,neutral
21217,surprise
2122,happy
21221,angry
21227,surprise
21230,sad
21233,happy
21235,neutral
21239,surprise
21249,sad
21250,fear
21265,surprise
21269,angry
21275,happy
21280,surprise
21282,neutral
21284,angry
21292,happy
21299,surprise
213,happy
21305,happy
21311,neutral
21312,neutral
21314,neutral
21316,happy
21324,sad
2133,neutral
21337,neutral
21348,happy
2135,happy
21351,neutral
21352,sad
21360,neutral
2137,happy
21371,happy
21374,happy
21376,happy
21377,neutral
21384,happy
21386,neutral
21387,fear
21393,sad
21394,happy
21404,happy
21417,surprise
2142,sad
21420,sad
21428,sad
21434,fear
21439,fear
21441,happy
21447,surprise
21451,neutral
21455,neutral
2146,sad
21460,happy
21461,surprise
21464,sad
21468,surprise
21470,neutral
21472,angry
21473,happy
21475,sad
21483,angry
2149,neutral
21499,happy
21500,fear
21501,angry
21511,angry
21512,happy
2152,fear
21520,surprise
21524,happy
21531,sad
21535,surprise
21538,happy
21541,sad
21545,surprise
21549,sad
21556,surprise
21557,neutral
21559,fear
2156,neutral
2157,sad
21570,surprise
21573,sad
21574,happy
21578,surprise
21587,surprise
21589,neutral
2159,happy
21593,happy
21598,surprise
21602,happy
21605,happy
21615,neutral
21618,happy
21632,neutral
21638,angry
21654,fear
21658,neutral
21663,happy
21666,sad
21670,neutral
2168,surprise
21681,sad
21686,angry
21695,neutral
21697,happy
21699,happy
217,neutral
21703,angry
21708,happy
21715,angry
2172,happy
21720,neutral
21723,happy
2173,surprise
21730,angry
21744,angry
21750,happy
21752,neutral
2176,sad
21765,disgust
21766,sad
21769,fear
21778,neutral
2178,surprise
21782,angry
21783,neutral
21787,happy
21794,neutral
21807,surprise
21812,neutral
21817,sad
2182,happy
21822,neutral
21824,surprise
21825,neutral
21833,surprise
21834,surprise
21835,happy
21836,neutral
2184,happy
21846,happy
21851,sad
21852,surprise
21858,neutral
21862,neutral
21865,angry
21876,happy
21877,angry
21880,sad
21887,happy
21896,angry
21899,happy
21906,surprise
21916,angry
21921,happy
21922,sad
21927,sad
2194,sad
21942,happy
21943,happy
21946,fear
2195,surprise
21961,happy
21962,neutral
21967,fear
21968,neutral
21971,sad
21973,surprise
21978,sad
21987,surprise
21988,sad
21990,neutral
2200,surprise
22004,sad
22019,sad
22023,neutral
22025,surprise
22028,neutral
22032,neutral
2204,happy
22050,fear
22051,neutral
22056,neutral
22064,neutral
22067,sad
2207,neutral
22074,angry
22080,happy
22088,neutral
22089,angry
22091,happy
22095,neutral
22097,happy
22102,sad
22111,neutral
22117,angry
22123,neutral
22128,surprise
22130,fear
22131,surprise
22138,happy
22140,happy
22150,happy
22154,happy
2216,neutral
22166,happy
22178,angry
22179,happy
22183,sad
22184,angry
22191,happy
22194,happy
22198,angry
22201,happy
2223,neutral
22241,angry
22247,happy
2225,sad
22255,sad
2226,angry
22267,neutral
2227,neutral
22271,happy
22278,surprise
2228,happy
22289,sad
22290,happy
22292,neutral
22301,sad
22305,surprise
22309,neutral
2231,happy
22319,fear
22320,angry
22322,neutral
22325,sad
22326,fear
22334,sad
22335,sad
22336,neutral
2234,surprise
22340,happy
22346,happy
22347,happy
22349,neutral
22351,happy
22354,neutral
22357,fear
22372,surprise
22375,sad
2238,neutral
22380,happy
22388,happy
2239,sad
22390,sad
22395,happy
224,surprise
22403,neutral
22410,fear
22416,angry
22419,neutral
22424,happy
22442,neutral
22448,angry
22449,sad
22452,sad
22457,neutral
22458,angry
22459,happy
22466,happy
22482,neutral
22485,sad
22497,surprise
22506,sad
22508,sad
22509,angry
22516,angry
22517,neutral
22520,surprise
22521,angry
22525,surprise
22532,happy
22545,happy
2256,sad
22560,happy
22571,angry
22574,happy
22576,neutral
22587,neutral
22600,happy
22602,neutral
22604,sad
22607,neutral
22612,happy
22614,happy
22617,angry
22619,sad
22627,neutral
22631,fear
22640,sad
22651,sad
22655,neutral
22662,neutral
22666,surprise
22671,happy
22679,neutral
22688,neutral
22690,neutral
22691,neutral
22695,angry
22704,neutral
22711,happy
22720,neutral
2273,sad
22733,angry
22739,sad
22741,sad
2275,sad
22750,happy
22754,angry
22756,neutral
22761,happy
22763,happy
22765,neutral
22766,neutral
22771,surprise
22774,neutral
22778,happy
2278,angry
22784,happy
22787,neutral
22789,neutral
2279,neutral
22791,happy
22804,happy
22805,happy
22807,neutral
22808,neutral
22810,angry
22816,neutral
2282,happy
22820,neutral
22827,fear
22832,happy
22834,happy
22839,surprise
2284,happy
22840,fear
22863,fear
22864,sad
22867,neutral
2287,happy
22886,neutral
22894,happy
2290,angry
22900,happy
22910,sad
22916,neutral
22917,neutral
22921,surprise
22924,neutral
2293,happy
22935,happy
22937,neutral
22944,happy
22961,sad
22974,sad
22977,neutral
22987,sad
22988,happy
22989,sad
22990,angry
22991,happy
22992,neutral
22997,neutral
23,happy
23008,happy
23012,neutral
23028,sad
2303,sad
23038,sad
23039,neutral
23041,sad
2305,happy
23053,surprise
23054,angry
23057,sad
23059,angry
23060,fear
2307,happy
2308,happy
23083,sad
23085,neutral
23096,happy
231,sad
23100,surprise
23101,happy
23103,neutral
23114,happy
23119,neutral
2312,neutral
23122,happy
23126,fear
23141,disgust
23142,happy
23151,angry
23153,sad
23155,fear
23164,angry
23167,sad
23170,happy
23172,neutral
23184,happy
23186,neutral
23192,sad
23194,angry
23204,neutral
23209,fear
23215,neutral
23216,happy
23220,sad
23224,sad
23230,happy
23238,happy
2324,happy
23244,sad
23246,angry
23260,fear
2327,happy
23272,happy
23291,happy
23293,happy
23297,neutral
23304,sad
23305,surprise
23319,happy
23320,sad
23321,happy
23327,angry
23328,surprise
23332,sad
23334,happy
23341,neutral
23343,neutral
23346,happy
23348,sad
23362,neutral
23368,fear
23374,happy
23377,happy
23380,happy
23381,happy
23386,surprise
23389,fear
23396,neutral
23403,sad
23404,happy
23407,neutral
23413,happy
23419,happy
23427,sad
23430,sad
23433,fear
23440,happy
23447,neutral
23452,sad
23453,happy
23457,neutral
23462,happy
23463,angry
23468,happy
23470,happy
23471,angry
23473,happy
23477,angry
23483,neutral
23487,neutral
23488,happy
2350,happy
23501,happy
23507,angry
23517,fear
23521,angry
23525,happy
23532,angry
23540,fear
23542,sad
23549,angry
23555,happy
23559,angry
23561,fear
23562,angry
23565,neutral
23566,fear
2357,angry
23572,happy
23584,fear
23590,happy
23601,angry
23609,neutral
23612,happy
23621,happy
23623,sad
23634,neutral
23654,sad
23658,sad
23661,surprise
23662,surprise
23664,happy
23665,angry
23666,neutral
23667,happy
2367,neutral
23675,neutral
23691,neutral
23700,angry
23715,sad
23718,surprise
23722,neutral
23725,neutral
23731,sad
23739,surprise
2374,happy
23741,happy
23747,surprise
23748,sad
23749,neutral
23751,surprise
23760,sad
23764,neutral
23767,angry
2377,happy
23770,sad
23778,sad
23779,sad
2378,fear
23780,angry
23781,fear
23783,angry
23786,happy
23791,fear
23792,happy
23794,neutral
23801,happy
23813,happy
23814,angry
23817,sad
23829,sad
23832,neutral
23847,neutral
23848,happy
23853,sad
23858,neutral
23862,happy
23865,neutral
23866,happy
23869,sad
23876,fear
23884,angry
23885,surprise
23886,angry
23891,happy
23893,surprise
23897,happy
23901,sad
23905,sad
2391,angry
23915,happy
23917,happy
23920,happy
23929,sad
23933,happy
23941,happy
23943,neutral
23945,sad
23946,happy
23948,neutral
23949,surprise
23965,sad
23968,sad
23978,angry
23991,sad
24003,fear
24013,sad
24016,sad
24022,angry
24027,happy
2403,happy
24031,angry
24035,neutral
24046,surprise
24050,surprise
24051,neutral
24054,neutral
24055,happy
24057,happy
24065,neutral
24066,sad
24067,angry
2407,neutral
24071,angry
24077,sad
24079,happy
24087,sad
24088,fear
24089,fear
24099,happy
24101,neutral
24104,neutral
24105,neutral
2411,sad
2412,happy
24123,happy
24131,neutral
24133,sad
24137,happy
24143,surprise
24148,happy
24156,neutral
2416,sad
24160,sad
24161,happy
24163,surprise
24165,sad
24167,surprise
24168,sad
24173,sad
24174,surprise
24175,neutral
24176,disgust
24179,surprise
2418,neutral
24182,sad
24183,neutral
24184,angry
24185,angry
24187,neutral
24189,neutral
24200,happy
24201,surprise
2421,happy
24211,happy
24213,fear
24217,sad
24219,happy
24220,neutral
24224,happy
24232,neutral
24239,neutral
2424,happy
24241,happy
24247,sad
24252,sad
24259,surprise
2426,neutral
24263,sad
2427,fear
24286,happy
24289,happy
24291,neutral
24292,happy
24297,happy
24299,happy
2431,angry
24329,neutral
24340,happy
24347,neutral
24354,happy
24355,happy
24358,neutral
2436,neutral
24360,happy
24363,sad
24378,sad
24380,happy
24384,neutral
24390,happy
24391,surprise
24393,happy
24395,happy
24404,fear
24410,sad
24411,surprise
24412,sad
24415,surprise
24420,sad
24421,sad
24428,angry
2443,happy
24432,surprise
24433,surprise
24435,happy
24437,happy
24441,neutral
24443,neutral
24452,angry
24460,fear
24465,happy
24466,happy
24473,sad
24479,sad
2448,happy
24482,sad
24490,angry
24492,sad
245,neutral
2450,happy
24501,sad
24509,happy
2451,sad
24521,happy
24530,happy
24531,happy
24535,happy
24536,happy
24539,neutral
24542,sad
24543,angry
24545,sad
24554,happy
24557,surprise
24562,surprise
24570,happy
24573,neutral
24575,neutral
24578,angry
24579,happy
2458,happy
24582,sad
24607,happy
2461,surprise
24621,fear
24625,happy
24633,happy
24643,sad
24646,surprise
24652,happy
24656,happy
24660,sad
24664,sad
24668,surprise
24678,angry
24680,neutral
24692,happy
24694,fear
24699,happy
247,happy
24711,neutral
24718,happy
2472,happy
24721,sad
24725,neutral
24731,neutral
24736,angry
24747,happy
24753,fear
24756,happy
2476,sad
24763,neutral
24764,happy
24768,neutral
24769,surprise
24774,angry
24777,happy
24778,happy
24779,neutral
2478,sad
24783,happy
24785,neutral
24789,angry
24797,angry
24798,happy
24815,sad
24819,angry
24820,neutral
24821,angry
24822,sad
24823,neutral
2483,happy
2484,angry
24845,happy
2485,neutral
2486,sad
2487,angry
24877,neutral
24880,fear
24881,sad
24884,sad
24886,neutral
24893,happy
249,angry
24904,happy
24906,happy
24909,neutral
24910,happy
24912,neutral
24916,sad
2492,happy
24921,surprise
24931,neutral
24942,happy
24946,happy
24948,happy
24959,surprise
2496,happy
24962,neutral
24963,sad
24964,sad
24967,fear
24978,sad
2498,neutral
2499,neutral
24991,sad
24992,angry
25006,happy
25007,happy
25010,surprise
25017,happy
25018,fear
2502,neutral
25021,sad
25025,neutral
25028,happy
25036,surprise
25037,happy
25039,happy
25044,surprise
25045,sad
25046,fear
25048,angry
25055,happy
25058,happy
25061,angry
25074,surprise
25078,neutral
25082,neutral
25087,neutral
25088,angry
25089,neutral
25099,neutral
251,neutral
2510,neutral
25101,angry
25107,surprise
25108,fear
25109,sad
2511,angry
25117,fear
25123,happy
25126,neutral
25131,neutral
25133,sad
25143,fear
25144,angry
25151,neutral
25162,fear
25163,happy
25180,happy
25186,happy
25188,surprise
25191,neutral
25199,happy
25202,sad
25209,angry
25211,neutral
25220,sad
25223,neutral
25229,sad
25231,sad
25234,fear
25240,fear
25242,sad
25247,sad
25250,sad
25255,angry
25267,angry
25271,happy
25275,happy
25280,surprise
25281,sad
25287,sad
2529,surprise
25295,neutral
25298,happy
2530,neutral
25306,neutral
25318,sad
25319,happy
25322,happy
25327,sad
25328,happy
2533,neutral
25330,sad
25337,happy
25342,happy
25343,happy
25348,neutral
2535,happy
25351,sad
25356,fear
25359,angry
25360,neutral
25372,happy
25379,sad
25381,sad
25383,angry
2539,happy
25390,surprise
25391,neutral
25396,neutral
25397,surprise
25401,neutral
25402,surprise
25409,neutral
25410,sad
25412,angry
25414,happy
25416,surprise
25420,happy
25425,angry
25431,happy
25435,happy
25438,sad
25439,sad
25443,happy
25451,neutral
25454,sad
2546,sad
25472,happy
25481,sad
25492,fear
25496,neutral
25497,neutral
25507,neutral
25510,sad
25517,happy
25520,angry
25528,angry
25529,sad
25533,happy
25537,neutral
25538,happy
25539,surprise
2554,neutral
25541,happy
25542,angry
25555,sad
2556,happy
25563,surprise
2557,angry
25570,surprise
25571,surprise
25573,neutral
25576,angry
25577,sad
25578,happy
2558,fear
25582,sad
2559,happy
25590,sad
25593,neutral
25597,neutral
256,surprise
25602,happy
25604,happy
25605,fear
25610,surprise
25612,angry
25615,neutral
25621,fear
25627,happy
25632,neutral
25635,happy
25636,neutral
25638,sad
2564,sad
25643,sad
25647,angry
25649,happy
2565,angry
25652,happy
25658,happy
25668,happy
25674,surprise
25678,sad
25681,neutral
25682,neutral
25685,neutral
25686,happy
25687,neutral
25688,sad
25695,neutral
25701,sad
25705,happy
25709,fear
25710,fear
25714,happy
25719,happy
25720,happy
25723,neutral
25742,surprise
25743,neutral
25744,happy
25747,happy
25759,happy
25773,neutral
25775,happy
25778,happy
25781,surprise
25795,neutral
25797,neutral
258,fear
25800,neutral
25808,fear
25809,happy
2581,neutral
25810,neutral
25811,angry
25813,angry
25818,sad
25819,neutral
25820,fear
25832,sad
25839,happy
25841,sad
25843,sad
25844,neutral
25874,happy
25876,angry
2588,happy
25886,angry
25887,happy
25891,sad
25895,neutral
259,fear
25902,happy
25906,happy
25914,neutral
25915,neutral
25919,neutral
2592,angry
25920,neutral
25927,fear
2593,sad
25937,happy
25944,angry
25949,happy
25959,surprise
25961,sad
25969,neutral
25973,neutral
25978,neutral
25979,sad
25983,happy
25985,fear
25993,happy
25994,neutral
26005,sad
26006,sad
26016,happy
26018,happy
26023,happy
26025,neutral
2603,happy
26032,happy
26034,happy
26038,angry
26040,neutral
26041,angry
26046,happy
26049,neutral
26056,happy
26059,neutral
26067,neutral
26069,neutral
26076,fear
26077,happy
26079,neutral
26081,fear
26082,neutral
26087,fear
26091,happy
26097,sad
26098,happy
26101,surprise
26102,surprise
26107,angry
2611,happy
26121,neutral
26124,sad
2613,neutral
26131,sad
26133,surprise
26134,angry
26137,happy
2615,neutral
26159,happy
26160,happy
26161,neutral
26163,angry
26169,happy
26175,sad
26177,angry
26181,angry
26185,surprise
26187,happy
2619,surprise
26190,sad
26192,neutral
26198,sad
2620,happy
26200,neutral
26209,neutral
26210,angry
26212,happy
26223,angry
26224,happy
26227,neutral
26237,neutral
26243,surprise
26248,happy
26249,neutral
26250,fear
26264,fear
26267,angry
26269,sad
26270,sad
26275,happy
26283,sad
2629,happy
26292,neutral
26304,happy
26313,angry
26318,neutral
26321,sad
2633,angry
26337,happy
26338,happy
26339,neutral
2634,happy
26344,angry
26346,happy
2635,sad
26355,neutral
26363,angry
26364,neutral
26368,sad
26370,happy
26377,fear
26378,fear
26385,disgust
26394,fear
26397,happy
26398,neutral
264,sad
2640,happy
26402,angry
26404,sad
26409,surprise
2641,fear
26411,happy
26437,neutral
26443,happy
26446,neutral
26452,surprise
26453,neutral
26454,angry
26455,surprise
26456,happy
26459,happy
26462,neutral
26464,neutral
26468,happy
26469,surprise
26477,happy
26483,fear
26484,sad
26487,surprise
2649,happy
26495,neutral
26500,sad
26501,sad
2651,sad
26511,happy
26539,angry
26543,happy
2655,angry
26556,surprise
26563,happy
26566,angry
2657,neutral
26572,angry
26573,neutral
26578,angry
26581,sad
26582,sad
26586,sad
26597,happy
26600,sad
26612,neutral
26618,neutral
26620,angry
26626,happy
26647,neutral
26654,neutral
26660,happy
26665,happy
26667,neutral
26670,neutral
26675,sad
26676,happy
2668,happy
26682,angry
26683,fear
26702,sad
26703,happy
26708,surprise
26715,neutral
26720,neutral
26725,angry
26726,sad
26736,happy
26747,sad
26767,neutral
2677,neutral
26771,sad
26772,neutral
26775,happy
2678,happy
26789,fear
26800,happy
2681,angry
26819,happy
26825,surprise
26833,neutral
26834,fear
26839,fear
26840,happy
26842,neutral
26845,neutral
26850,sad
26851,sad
26859,happy
26860,sad
26873,happy
26886,sad
26888,happy
26891,happy
26892,happy
26895,neutral
26899,angry
2690,neutral
26900,angry
26901,sad
26906,happy
26907,surprise
26909,happy
26910,surprise
26913,happy
26914,angry
26916,surprise
26919,angry
26927,angry
26928,angry
26935,happy
26944,surprise
26956,angry
26959,sad
26960,happy
26961,angry
26963,happy
26967,happy
26970,sad
26973,fear
26978,happy
26980,sad
26981,happy
2699,neutral
270,fear
27005,sad
27006,disgust
27016,angry
27022,angry
27025,happy
27027,neutral
27035,sad
27039,surprise
27048,happy
27051,happy
27052,sad
27054,fear
27070,sad
27077,sad
2709,neutral
27094,neutral
27098,fear
2710,neutral
27103,angry
27105,neutral
27106,happy
27115,surprise
27117,sad
2712,sad
27124,neutral
27125,surprise
27128,happy
27140,happy
27145,angry
27152,happy
27162,happy
27165,fear
27172,happy
27174,surprise
27187,happy
27190,happy
27193,surprise
27196,happy
27197,happy
27204,neutral
27212,happy
27218,neutral
27227,happy
27229,happy
27240,surprise
27246,happy
27258,sad
2727,happy
27270,surprise
27273,surprise
27277,happy
27284,neutral
27292,sad
27294,happy
27296,angry
27299,sad
273,angry
2730,happy
27300,fear
27305,sad
27306,neutral
27308,neutral
2732,sad
27321,surprise
27325,surprise
27326,happy
27328,surprise
27329,sad
27333,happy
27334,happy
27350,sad
27359,angry
27363,fear
27365,happy
27367,happy
27369,sad
27385,angry
27400,sad
27404,happy
27405,neutral
27407,happy
27410,sad
27413,angry
2742,disgust
27426,happy
2744,angry
27446,happy
2745,happy
27450,neutral
27452,happy
27461,sad
27464,angry
27465,neutral
2747,neutral
27471,neutral
27474,happy
2748,sad
27483,neutral
27488,neutral
2750,neutral
27503,angry
27508,happy
27509,happy
2751,sad
27518,fear
27522,sad
2753,neutral
27533,neutral
2754,happy
27544,angry
27554,neutral
27561,sad
27562,neutral
27563,happy
27566,surprise
27575,happy
27576,sad
27577,surprise
2758,surprise
27585,fear
27586,happy
27588,sad
2759,surprise
27591,sad
27594,angry
27597,angry
276,surprise
2761,neutral
27616,happy
27619,happy
2762,angry
27625,happy
27629,fear
27635,sad
27636,happy
27642,happy
27645,happy
27646,happy
27647,neutral
27648,happy
27650,sad
27652,angry
27662,sad
27671,happy
27675,happy
27681,neutral
27683,neutral
27692,neutral
27694,sad
27696,surprise
2770,angry
27701,happy
27704,happy
27709,sad
2771,happy
27715,angry
27719,neutral
27726,angry
27737,fear
2774,happy
27744,neutral
27752,sad
27756,surprise
27759,neutral
27764,fear
27767,neutral
27770,angry
27772,sad
27774,surprise
27776,sad
27777,neutral
27779,happy
27788,neutral
27798,angry
27803,surprise
27806,neutral
27810,sad
27823,happy
27828,neutral
27846,sad
2785,neutral
27854,happy
27864,neutral
27868,fear
27873,sad
2788,neutral
27887,fear
27889,surprise
2789,sad
27899,sad
2790,happy
2791,angry
27910,fear
27913,sad
27916,surprise
27919,sad
2792,neutral
27926,fear
27928,sad
27931,happy
27932,happy
27933,surprise
27937,angry
27940,happy
27944,neutral
27948,fear
27949,happy
2796,happy
27967,sad
27973,surprise
27979,surprise
27982,sad
27985,neutral
27993,sad
27995,happy
28005,neutral
28007,happy
28014,happy
28015,neutral
28025,neutral
2803,angry
28040,happy
28046,neutral
2805,happy
28050,angry
28053,neutral
28058,angry
2806,happy
28062,neutral
28073,neutral
28076,fear
28082,sad
28084,angry
28091,sad
2810,happy
28100,happy
28101,neutral
28105,happy
28108,sad
28115,happy
28120,neutral
28130,surprise
28137,angry
28138,happy
28140,sad
28143,sad
28144,neutral
28148,neutral
28149,sad
28153,surprise
2816,happy
28171,sad
28182,surprise
28189,neutral
2820,happy
28207,angry
28210,fear
28219,happy
28230,sad
28235,sad
28236,neutral
28243,happy
28248,sad
28249,happy
28251,neutral
28252,angry
28256,happy
28264,happy
28267,happy
28269,happy
28272,happy
28273,happy
28278,happy
28282,happy
28287,surprise
28288,angry
2829,neutral
28294,sad
28296,sad
28298,neutral
28300,angry
28308,fear
28328,surprise
28331,angry
28332,sad
28335,neutral
28342,fear
2835,surprise
28359,sad
28367,sad
2837,surprise
28370,neutral
28376,happy
28379,happy
28383,happy
28390,surprise
28396,sad
28401,happy
28415,sad
28417,angry
28421,surprise
28424,sad
28426,happy
28438,angry
28441,surprise
28448,surprise
28453,surprise
28465,sad
28471,neutral
28474,happy
28476,surprise
28478,neutral
28480,neutral
28482,surprise
28493,neutral
28498,happy
28499,neutral
28501,surprise
28502,happy
28503,surprise
28507,surprise
28509,sad
28515,fear
28517,neutral
28522,happy
28525,surprise
28529,happy
28531,fear
28535,happy
28539,neutral
28543,sad
28546,sad
28547,angry
28548,fear
28549,neutral
28552,sad
28555,happy
28560,angry
28568,sad
2857,sad
2858,sad
28581,happy
28585,angry
28590,happy
28594,happy
28596,angry
2860,neutral
28600,happy
2861,happy
28614,angry
28618,neutral
28620,neutral
28627,fear
28632,happy
28639,surprise
28642,happy
28653,surprise
28660,angry
28666,fear
28667,surprise
2867,happy
28676,happy
28681,neutral
28688,happy
28696,angry
28700,sad
28701,neutral
28704,fear
28707,fear
2871,neutral
28710,disgust
28720,angry
28723,neutral
28724,fear
28727,surprise
28729,sad
28731,sad
28734,neutral
28737,surprise
28743,angry
28749,angry
28769,neutral
28772,surprise
28782,happy
28794,sad
28797,happy
28800,happy
28803,angry
28807,happy
28814,neutral
28836,neutral
28840,neutral
28842,neutral
28846,happy
2885,happy
28854,sad
28859,neutral
2886,neutral
28864,surprise
28867,angry
28871,happy
28884,neutral
28895,sad
28897,happy
2890,sad
28901,surprise
28928,happy
28932,sad
28934,happy
28938,happy
28949,happy
28951,neutral
28952,angry
28954,happy
28955,happy
28962,happy
28963,sad
28966,sad
28982,happy
28987,angry
29003,happy
29005,sad
29009,sad
2901,neutral
29019,happy
2902,sad
29020,neutral
29026,happy
29027,fear
29038,fear
29043,fear
29058,neutral
2906,angry
29067,happy
29068,angry
29071,happy
29074,happy
29082,sad
29085,sad
29099,fear
29110,surprise
29111,happy
29112,happy
29118,surprise
29119,happy
29121,neutral
29123,happy
29126,neutral
29129,neutral
2913,happy
29132,sad
2914,neutral
29150,angry
29152,sad
29158,neutral
29164,surprise
29185,happy
29194,sad
29202,angry
29205,fear
29211,happy
29214,neutral
29216,neutral
29219,fear
29225,surprise
29226,sad
29243,angry
29246,happy
29248,happy
29256,sad
29258,happy
29266,angry
29269,disgust
2927,neutral
29276,surprise
29283,fear
29284,fear
29285,angry
29290,angry
29291,happy
29295,sad
29298,neutral
2930,happy
29300,happy
29305,sad
29311,sad
29315,angry
29318,sad
29319,surprise
29322,fear
29324,neutral
29327,sad
29329,happy
2933,angry
2934,happy
29349,surprise
29354,angry
29365,happy
29370,happy
29379,sad
2938,happy
29383,neutral
29388,neutral
29389,angry
29398,happy
29403,sad
29414,neutral
29415,happy
29423,neutral
29428,neutral
29438,neutral
2945,neutral
29456,happy
29460,happy
29464,angry
29467,happy
29471,neutral
29475,happy
29477,neutral
29478,neutral
2948,happy
29484,fear
2949,happy
29493,angry
2950,sad
29500,neutral
29504,happy
29505,neutral
29515,surprise
29516,sad
29523,angry
29525,neutral
29527,sad
29528,fear
29529,sad
2953,angry
29536,sad
29537,surprise
29540,surprise
29542,happy
29551,surprise
29553,sad
29554,angry
29555,happy
29556,sad
29557,neutral
29559,sad
2956,surprise
29561,sad
29568,surprise
2957,neutral
29571,angry
29578,happy
29580,happy
29581,angry
29585,sad
29588,angry
29589,happy
29603,angry
29608,neutral
29609,neutral
29614,happy
29617,sad
29618,surprise
29619,surprise
2962,neutral
29622,angry
29627,sad
29628,sad
29629,neutral
29632,happy
29637,neutral
29645,happy
29647,happy
29648,happy
29649,happy
2965,happy
29652,sad
29664,sad
29669,happy
29674,angry
29677,happy
29680,happy
29685,sad
29690,surprise
29692,neutral
29694,neutral
29697,happy
29699,sad
297,happy
29701,sad
29703,sad
29707,sad
29709,fear
29713,sad
29720,fear
29724,happy
29730,angry
29731,sad
29733,sad
29735,neutral
29738,neutral
29756,sad
29757,angry
29758,angry
29766,sad
29769,happy
29773,neutral
2978,neutral
29792,happy
29794,neutral
29795,happy
29796,surprise
29797,surprise
298,angry
29803,neutral
29818,angry
29819,angry
29821,happy
29834,happy
29835,sad
2984,neutral
29840,sad
29844,angry
29848,sad
2985,happy
29866,neutral
29869,happy
2987,happy
29871,angry
29875,neutral
2988,surprise
29884,sad
29889,happy
29892,neutral
29893,neutral
29897,sad
29912,fear
29916,neutral
29919,happy
29921,sad
29924,angry
29929,sad
29931,neutral
29936,angry
29937,happy
29941,neutral
29944,neutral
29947,neutral
2995,sad
29954,happy
29970,sad
29973,sad
29977,angry
29979,happy
2998,fear
29980,angry
29981,happy
29987,happy
29990,sad
29991,happy
29998,sad
30,happy
3000,neutral
30001,sad
30002,angry
30004,angry
30006,happy
30015,happy
30016,happy
3002,surprise
30024,angry
30035,sad
30045,angry
30053,neutral
30056,sad
30058,angry
30059,neutral
30062,happy
30069,neutral
3007,sad
30074,sad
30080,neutral
30082,angry
30085,sad
30094,fear
30099,happy
3010,happy
30102,happy
30104,sad
30114,happy
30118,neutral
30119,happy
3012,sad
30121,sad
30127,happy
30143,sad
30144,neutral
3016,happy
30164,happy
30167,angry
30170,neutral
30171,angry
30173,fear
30174,happy
30181,neutral
30184,surprise
30188,happy
30190,surprise
30193,happy
30196,neutral
30197,angry
30206,neutral
3021,happy
30216,happy
30219,angry
3022,happy
30220,happy
30221,happy
30237,fear
3024,happy
30241,happy
30245,happy
30251,sad
30253,sad
30260,neutral
30273,sad
30274,sad
30289,sad
3029,happy
30290,neutral
30292,sad
30297,neutral
30305,angry
30316,sad
30320,neutral
30325,fear
30326,sad
30328,happy
30331,sad
30332,happy
30333,fear
30336,happy
30337,happy
30338,happy
30341,neutral
30345,neutral
30346,neutral
30347,sad
30358,sad
3036,sad
30371,sad
30374,happy
30377,sad
30394,angry
30400,happy
30407,happy
30410,fear
30415,neutral
30420,angry
30422,neutral
30424,happy
30428,disgust
30439,sad
30440,neutral
30456,angry
30458,sad
30460,angry
30462,sad
30478,happy
30482,fear
30490,neutral
30499,disgust
3050,neutral
30509,happy
3051,neutral
30530,sad
30535,angry
30537,surprise
30541,neutral
30543,sad
30546,neutral
30552,happy
3056,angry
30563,neutral
30564,sad
30565,fear
3057,sad
30581,neutral
30584,surprise
30585,happy
3059,sad
30594,fear
30601,angry
30611,sad
30619,happy
30620,surprise
30625,surprise
30628,surprise
30638,sad
30646,happy
30651,happy
30652,happy
30661,neutral
30675,happy
30683,happy
30689,happy
3069,happy
30704,happy
30713,neutral
30714,surprise
30719,neutral
30726,surprise
30728,neutral
30735,angry
30737,happy
30738,surprise
30749,happy
3075,sad
30761,disgust
30763,neutral
3077,happy
30772,angry
30774,fear
30779,happy
30786,fear
30789,neutral
30793,neutral
30798,sad
30808,neutral
30811,surprise
30817,sad
30818,sad
30820,happy
30822,happy
30823,happy
30825,happy
3083,happy
30830,happy
30835,happy
3084,happy
30850,neutral
30851,happy
30853,sad
30855,happy
30856,neutral
3086,happy
30867,sad
3087,sad
30871,happy
3088,angry
30893,angry
30901,angry
30907,happy
30909,happy
30933,sad
30936,sad
3094,neutral
30943,surprise
30944,happy
30948,happy
30951,happy
30961,happy
30962,sad
30965,happy
30976,neutral
30981,sad
30989,surprise
3099,neutral
31005,surprise
31007,neutral
31009,neutral
3101,happy
31010,neutral
31029,happy
31033,angry
31042,angry
31043,happy
31054,surprise
31056,happy
31057,happy
3106,happy
31068,surprise
31072,happy
31080,happy
31081,angry
31083,neutral
31097,angry
31099,sad
31101,happy
31102,surprise
31104,sad
31105,angry
31107,happy
31112,happy
31113,happy
31116,fear
3112,sad
31123,happy
31130,neutral
31132,fear
31137,happy
31138,fear
31139,neutral
31140,happy
31141,happy
31142,happy
31145,neutral
31149,neutral
3115,fear
31157,fear
31159,surprise
31164,neutral
3117,happy
3118,sad
31188,fear
31189,neutral
31194,neutral
31198,surprise
312,sad
3120,happy
31203,neutral
31206,surprise
31209,happy
3121,angry
31223,surprise
3123,neutral
31232,angry
31239,happy
3124,fear
31240,neutral
31248,sad
31257,neutral
31263,neutral
31265,sad
31285,happy
31286,fear
31295,fear
31307,angry
3131,happy
31316,happy
3132,happy
31323,neutral
31328,sad
31330,fear
31332,sad
31341,angry
31347,neutral
31353,surprise
31357,fear
31364,fear
31366,happy
31367,sad
3137,angry
31371,neutral
31373,neutral
31375,neutral
3138,happy
31384,happy
3139,neutral
31390,happy
31395,neutral
31398,happy
314,sad
31409,angry
31421,sad
31424,fear
3144,happy
31440,happy
3146,happy
31461,sad
31478,neutral
31483,sad
31486,angry
31491,angry
31506,neutral
31510,neutral
31526,sad
31527,happy
31529,angry
31533,surprise
31534,neutral
31535,angry
31542,happy
31544,neutral
31546,angry
31551,happy
31561,neutral
31563,surprise
31569,fear
3157,surprise
31571,happy
31572,happy
31591,neutral
31609,happy
3162,happy
31625,happy
31627,sad
31629,happy
31631,happy
31634,sad
31635,fear
31638,sad
31643,sad
31653,fear
31655,sad
31659,happy
31662,surprise
31663,sad
31665,happy
31669,angry
3169,sad
31693,sad
31697,happy
3170,surprise
31703,angry
31712,neutral
31713,neutral
31720,sad
31738,sad
3174,neutral
31742,happy
31752,happy
3176,sad
31774,neutral
31775,surprise
31781,surprise
31782,fear
31784,surprise
31796,angry
31799,surprise
31806,happy
31811,happy
31814,surprise
3182,happy
31820,happy
31821,fear
31826,surprise
31828,fear
31833,happy
31836,sad
31849,angry
31853,happy
31855,fear
31857,sad
31858,happy
3186,angry
31860,neutral
31866,happy
31869,sad
3187,sad
31870,happy
31872,surprise
31873,angry
3188,happy
31882,happy
31897,happy
31899,fear
31903,fear
31908,happy
3191,neutral
31916,fear
31928,angry
31929,surprise
31940,sad
31949,neutral
31952,surprise
31953,fear
31954,sad
31961,surprise
31973,sad
31977,happy
31979,sad
31987,happy
31997,sad
32005,sad
32023,angry
32024,sad
32029,fear
3204,neutral
32046,happy
32047,happy
32048,happy
32051,angry
3206,happy
32069,fear
32071,neutral
32076,neutral
32081,neutral
3209,happy
32097,sad
32103,angry
32132,surprise
32139,sad
32142,happy
32144,happy
3215,sad
32153,happy
32161,neutral
32165,fear
32175,neutral
32177,happy
32179,surprise
32180,sad
32183,neutral
32189,sad
32202,sad
3221,neutral
32216,happy
32223,sad
3223,surprise
32231,angry
3224,fear
32243,surprise
32248,happy
3226,angry
32268,neutral
32278,sad
32279,surprise
32281,neutral
32296,angry
32297,neutral
32298,neutral
32308,happy
32315,surprise
32321,neutral
32323,surprise
32324,fear
32330,angry
32334,surprise
32336,happy
32344,happy
32349,fear
3235,angry
32351,angry
32352,neutral
32354,happy
32355,neutral
32360,neutral
32365,surprise
32367,sad
32371,neutral
32372,happy
32377,happy
32382,happy
32383,neutral
32388,happy
32391,neutral
32394,sad
32395,surprise
32402,happy
32405,surprise
32420,surprise
32422,neutral
32432,surprise
32438,neutral
32439,happy
32443,neutral
32445,neutral
3245,happy
32454,fear
32461,sad
32463,neutral
32464,sad
32467,neutral
3247,sad
32473,angry
32479,neutral
3248,angry
32481,sad
32485,sad
32487,surprise
325,happy
3250,happy
32506,sad
32507,angry
32508,neutral
32510,surprise
32512,angry
32516,neutral
32530,surprise
32541,happy
32544,happy
32547,neutral
32551,sad
32565,neutral
32568,happy
32569,fear
32570,angry
32574,happy
32575,neutral
32580,happy
32582,neutral
32584,angry
32587,neutral
32595,happy
3260,fear
32605,neutral
32607,happy
32613,sad
32614,happy
32617,sad
32619,neutral
32623,angry
32624,fear
32627,happy
3263,sad
32630,surprise
32636,neutral
32642,fear
32662,happy
32671,neutral
32681,angry
32682,angry
32683,angry
32684,surprise
32688,angry
3269,fear
32692,sad
32695,sad
32696,surprise
32711,angry
32725,happy
32727,surprise
32730,neutral
32734,fear
32744,sad
32753,surprise
32755,angry
32756,surprise
32758,sad
3276,neutral
32763,happy
32766,fear
32768,sad
32769,happy
32773,happy
32777,angry
32778,neutral
3278,happy
32782,neutral
32792,neutral
32796,happy
32799,sad
32814,sad
32817,neutral
32818,neutral
32826,happy
32829,sad
32835,happy
32836,sad
32837,happy
32838,happy
32843,sad
32849,sad
32855,angry
32859,happy
32861,sad
32870,neutral
32876,sad
32879,sad
32889,angry
32894,surprise
32898,sad
32903,neutral
32905,neutral
32911,fear
32913,happy
32914,neutral
32917,happy
32931,angry
32932,sad
32935,happy
32939,sad
32940,surprise
32941,neutral
32946,angry
32950,happy
32952,happy
32953,happy
32958,happy
3296,angry
32965,sad
32968,fear
3297,fear
32972,sad
32973,happy
32978,sad
32979,surprise
32982,sad
32993,happy
32996,neutral
32997,happy
32998,happy
330,surprise
33005,happy
33007,happy
33013,happy
33015,sad
33016,happy
33017,happy
33022,neutral
33024,happy
3303,angry
33031,sad
33039,angry
33046,happy
33049,neutral
33051,sad
33052,sad
33055,surprise
33065,happy
33066,sad
33071,neutral
33072,surprise
33079,fear
33084,happy
33089,neutral
33091,neutral
33094,happy
33097,fear
331,happy
33100,neutral
33105,angry
33124,sad
3313,happy
33131,angry
3314,neutral
33144,happy
33147,surprise
33152,neutral
33159,sad
33174,happy
33175,happy
3318,sad
33180,surprise
33182,neutral
33188,happy
33209,neutral
33212,happy
33213,neutral
33215,fear
33216,happy
33219,neutral
33221,angry
33227,neutral
33228,happy
33231,neutral
33240,happy
33243,happy
33247,sad
33255,neutral
33258,sad
33268,happy
3327,fear
33276,angry
33283,happy
33284,angry
33290,surprise
33295,sad
33299,fear
333,happy
33301,happy
33302,happy
33308,happy
33316,fear
33317,neutral
33319,happy
33320,happy
33322,happy
33326,surprise
33329,surprise
33331,happy
3334,sad
33343,happy
33346,neutral
33352,angry
33357,happy
33358,angry
33364,surprise
33366,happy
33371,neutral
33373,neutral
33375,happy
33376,surprise
33378,surprise
33381,happy
33390,sad
33399,sad
33405,neutral
33407,happy
33410,angry
33411,surprise
33419,happy
33421,neutral
33423,happy
33440,fear
33444,neutral
33450,neutral
33452,neutral
33455,sad
33459,angry
33460,happy
33463,happy
33468,angry
33471,neutral
33490,neutral
33492,angry
33494,angry
33514,neutral
33516,neutral
33518,happy
33519,sad
33523,sad
33525,happy
33526,sad
33530,happy
33533,happy
33535,neutral
33538,happy
3354,surprise
33544,fear
33548,fear
33559,neutral
33560,sad
33561,disgust
33564,neutral
33573,neutral
33587,fear
336,fear
33608,sad
33609,sad
33610,happy
33617,sad
33628,sad
33633,angry
33636,angry
33640,sad
33642,angry
33644,happy
33648,angry
33660,happy
33666,sad
33667,surprise
33670,disgust
33673,surprise
33674,neutral
33675,happy
33677,surprise
33686,sad
33690,happy
33691,neutral
33693,sad
33699,angry
3370,angry
33701,fear
33710,neutral
33718,sad
33727,happy
33729,angry
33736,sad
33745,surprise
33747,sad
3375,neutral
33757,happy
33759,surprise
33762,fear
3377,neutral
3378,neutral
33780,sad
33785,happy
33786,neutral
33789,surprise
33794,neutral
338,angry
33800,sad
33802,happy
33806,angry
33807,neutral
33809,angry
33813,happy
33819,angry
3382,angry
33820,fear
33829,neutral
33842,happy
33853,happy
33855,sad
33856,neutral
33858,neutral
33863,neutral
33865,neutral
33870,neutral
33874,happy
33879,surprise
33880,neutral
33890,neutral
33894,sad
3391,fear
33915,happy
33917,happy
33919,fear
3392,happy
33924,happy
33926,happy
3393,sad
33933,happy
33935,fear
33936,neutral
33938,happy
33940,fear
3395,sad
33962,neutral
33965,angry
33977,happy
33981,happy
33987,neutral
33988,sad
33993,surprise
33995,angry
33997,surprise
33998,angry
33999,happy
340,fear
34004,angry
34015,happy
3402,neutral
34022,angry
34024,surprise
3403,sad
34034,surprise
34036,happy
34037,neutral
34039,surprise
3404,neutral
34040,sad
34049,happy
34057,happy
34059,neutral
34063,sad
34070,fear
34072,surprise
34087,happy
34088,fear
3409,happy
34093,neutral
34097,sad
34098,happy
341,happy
3410,neutral
34100,neutral
34102,happy
3411,happy
34117,neutral
34119,happy
3412,angry
34120,happy
34121,sad
34129,happy
34131,sad
34134,happy
34138,angry
3414,happy
34143,angry
34151,neutral
34161,neutral
34162,surprise
34170,happy
34175,neutral
34176,sad
34178,angry
34184,angry
34195,sad
34201,fear
34205,neutral
34212,fear
34219,happy
3422,happy
34226,happy
3423,surprise
34234,happy
34237,surprise
34238,angry
34242,sad
34244,happy
34250,sad
34252,neutral
34257,happy
34259,fear
34269,happy
34272,neutral
34277,sad
34279,sad
34288,fear
34295,happy
34302,happy
34308,happy
3431,happy
34316,happy
34324,neutral
34325,fear
3433,angry
34335,neutral
34352,neutral
34356,angry
34359,happy
34361,happy
34363,neutral
34375,happy
34382,sad
34385,surprise
34386,happy
34387,happy
34396,happy
34397,angry
34400,surprise
34408,sad
34412,happy
34413,sad
34415,sad
34416,happy
34427,angry
34432,sad
34435,happy
34437,happy
34439,surprise
34448,sad
3445,neutral
34462,fear
34464,happy
34465,fear
34468,happy
3447,angry
34471,fear
34474,neutral
34477,angry
34483,happy
3449,angry
34498,happy
34505,angry
34507,sad
34509,fear
34510,neutral
34513,angry
34519,happy
3452,happy
34522,neutral
34526,neutral
34530,neutral
34533,neutral
34539,neutral
34545,angry
34546,surprise
34555,sad
34557,surprise
34567,happy
34569,angry
34581,angry
34585,happy
34592,angry
34596,sad
34598,neutral
34599,happy
34600,happy
34605,neutral
34610,neutral
34612,neutral
34613,neutral
34620,angry
34629,fear
34633,sad
34644,happy
34645,happy
34649,sad
3465,happy
34656,happy
34659,fear
34664,surprise
3467,angry
34673,fear
34674,surprise
34675,fear
34679,neutral
34685,neutral
34688,happy
34694,sad
34714,angry
3472,neutral
34720,happy
34722,surprise
34724,happy
34730,fear
34737,happy
34753,happy
34755,surprise
34756,happy
34759,happy
34761,happy
34768,neutral
3477,happy
34772,happy
34778,angry
34787,fear
34788,sad
34798,surprise
34799,neutral
34813,surprise
34820,sad
34827,neutral
34829,happy
34836,happy
34840,happy
34841,happy
34844,surprise
34854,neutral
34861,happy
34870,surprise
34875,neutral
34878,surprise
34879,fear
34897,neutral
34904,surprise
34905,sad
34913,sad
34917,sad
3492,angry
34920,sad
34926,surprise
34941,angry
34945,angry
34965,happy
34968,sad
34969,happy
34972,neutral
34978,sad
34979,neutral
34984,surprise
34985,fear
34986,surprise
34988,sad
34991,fear
350,sad
35009,angry
35010,sad
3502,sad
35022,fear
35028,angry
35030,neutral
35034,angry
35039,fear
35041,angry
35043,sad
35049,surprise
35058,sad
35059,angry
3506,sad
35063,surprise
35075,neutral
3508,sad
35083,surprise
35084,neutral
35101,happy
35108,neutral
35116,sad
35117,happy
35118,surprise
35120,fear
35121,neutral
35129,neutral
35131,sad
35142,happy
35144,surprise
35145,angry
35148,sad
35149,neutral
35151,fear
35153,happy
35154,surprise
35156,neutral
35162,angry
35163,happy
35177,happy
3518,sad
35183,angry
35192,sad
35194,surprise
35199,happy
35200,happy
35201,surprise
35202,neutral
35207,fear
35209,happy
3521,fear
35210,angry
35212,surprise
35214,neutral
35216,happy
3522,sad
35226,neutral
35229,neutral
35230,fear
35237,surprise
35238,fear
35241,neutral
35250,sad
35255,angry
35257,sad
35261,fear
35267,neutral
35276,surprise
35279,neutral
35291,happy
35297,neutral
35298,happy
35318,sad
35321,happy
35322,sad
35332,neutral
35334,neutral
35341,sad
35346,happy
3535,angry
35355,fear
35356,neutral
35362,angry
35363,happy
35364,happy
35369,happy
3537,neutral
35370,happy
35372,happy
35375,happy
35376,angry
3538,happy
35384,surprise
35386,sad
35387,surprise
35394,neutral
35399,neutral
35400,neutral
35407,angry
35408,neutral
35410,sad
35411,neutral
35425,angry
35427,sad
3543,neutral
35439,fear
35447,sad
35453,fear
35454,happy
3546,neutral
35481,happy
35484,neutral
35497,happy
35511,surprise
35514,angry
35520,neutral
35524,surprise
35528,surprise
35530,surprise
35536,happy
35541,surprise
35546,neutral
35547,happy
35552,sad
35559,happy
35567,neutral
35576,neutral
3558,angry
35580,disgust
35582,happy
35592,fear
35598,happy
356,happy
35603,happy
35605,fear
35608,neutral
35615,neutral
35628,sad
35629,angry
35639,neutral
3564,sad
35644,happy
3565,angry
35657,neutral
35659,sad
3566,neutral
35664,happy
35669,sad
35677,happy
35681,angry
35682,angry
35684,surprise
35685,happy
35688,surprise
35691,sad
35697,fear
35698,neutral
3570,neutral
35704,angry
35707,happy
35709,angry
35721,happy
35724,happy
35731,angry
35737,happy
3574,sad
3575,neutral
35753,surprise
35754,neutral
35755,neutral
35757,surprise
35764,happy
35767,happy
35768,sad
35771,happy
35775,surprise
35787,sad
35790,surprise
35792,happy
35794,happy
35802,angry
35804,happy
35805,angry
35809,angry
35812,neutral
35820,angry
35823,neutral
35828,surprise
35833,surprise
3584,neutral
35850,happy
35851,neutral
35852,neutral
35856,happy
35857,surprise
35860,happy
35869,happy
35872,neutral
35873,sad
35881,angry
35884,neutral
359,sad
3590,happy
3599,neutral
3600,neutral
3601,neutral
3603,surprise
3607,fear
3610,sad
3632,angry
3634,neutral
3635,neutral
3645,sad
3647,neutral
365,angry
3653,sad
366,happy
3661,neutral
3662,happy
3663,happy
3675,surprise
3690,disgust
3691,fear
370,happy
3700,neutral
3709,neutral
3714,neutral
3719,fear
3722,fear
3729,neutral
3731,angry
3736,fear
3739,sad
3742,neutral
3755,surprise
3756,fear
3763,happy
3765,surprise
3766,happy
3767,sad
377,sad
3772,neutral
3778,angry
3783,neutral
3785,neutral
3792,neutral
3795,angry
38,angry
3802,angry
3811,happy
3818,happy
3819,neutral
3825,neutral
3836,happy
3837,neutral
3839,sad
3842,happy
3855,neutral
3858,happy
3862,neutral
3869,sad
3870,angry
3874,happy
3875,happy
3878,happy
3891,angry
3899,sad
3906,happy
3909,neutral
3913,sad
3922,neutral
3925,surprise
3929,neutral
3932,angry
3951,sad
3953,neutral
3958,angry
3959,sad
3969,happy
3972,angry
3977,happy
3978,happy
3982,sad
3985,happy
3986,neutral
3988,sad
4002,neutral
4004,angry
4015,angry
4029,happy
4033,fear
4036,surprise
404,angry
4040,fear
4041,happy
405,neutral
4060,neutral
4062,neutral
4064,sad
4072,angry
4076,surprise
4077,angry
4080,neutral
4084,happy
4086,surprise
4090,happy
4094,happy
4098,neutral
41,neutral
4100,sad
4107,happy
4114,happy
4124,neutral
413,surprise
4130,angry
4133,happy
4137,neutral
414,fear
4156,neutral
4159,happy
4165,happy
4169,happy
4174,happy
418,angry
4182,happy
4185,angry
4194,sad
4196,sad
4199,fear
4200,surprise
4207,neutral
4217,sad
422,sad
4223,neutral
4226,neutral
4229,happy
4233,neutral
4234,neutral
4242,neutral
4243,surprise
4248,happy
4264,happy
4265,fear
4269,happy
4274,fear
4284,happy
4289,happy
4295,happy
4296,fear
4306,angry
4308,fear
4312,angry
4314,angry
4316,surprise
4317,neutral
4324,angry
4328,neutral
4339,neutral
4340,fear
4345,surprise
4347,surprise
4349,angry
435,surprise
4352,angry
4363,happy
4366,neutral
4372,neutral
438,surprise
4380,sad
4381,sad
4384,angry
4389,neutral
4390,surprise
4394,happy
4396,fear
4397,sad
44,neutral
440,happy
4411,fear
4412,happy
4415,sad
4431,surprise
4433,happy
4441,angry
4443,neutral
4449,neutral
4453,fear
4459,angry
446,happy
4468,angry
4480,happy
4481,disgust
4482,sad
4485,neutral
4486,fear
449,surprise
4492,happy
4502,angry
4506,happy
4513,surprise
4516,angry
452,happy
4523,fear
4526,happy
4534,neutral
4536,surprise
454,sad
4540,happy
4547,angry
4549,angry
4552,neutral
4553,happy
4558,happy
4563,neutral
4570,happy
4572,sad
4573,neutral
4574,angry
4576,happy
4579,neutral
4580,surprise
4589,happy
4594,neutral
4596,sad
460,fear
4606,happy
4607,happy
4615,sad
4616,angry
4620,happy
4621,surprise
4624,neutral
4634,happy
4636,surprise
4637,neutral
4640,happy
4649,happy
4650,surprise
4653,happy
4657,happy
4660,sad
4665,angry
4666,neutral
4670,sad
4672,sad
4685,surprise
4697,sad
4698,surprise
4700,neutral
4714,fear
4734,neutral
4736,angry
4737,sad
4748,neutral
4751,fear
4752,sad
4764,sad
4770,neutral
4771,sad
4777,sad
478,neutral
4786,happy
4791,sad
4793,fear
4797,surprise
4802,neutral
4803,happy
4807,surprise
4811,sad
4814,happy
4821,happy
4825,happy
4827,happy
4829,neutral
483,sad
4832,happy
4849,happy
485,happy
4858,fear
4860,sad
4868,neutral
487,happy
4870,angry
4878,angry
4883,neutral
4888,sad
4895,surprise
4901,happy
4910,happy
4912,neutral
4917,neutral
4935,neutral
4937,sad
4940,sad
4948,angry
4951,angry
4953,neutral
4958,happy
4975,surprise
4979,sad
4980,happy
4986,fear
4987,neutral
4988,happy
4996,happy
4998,neutral
500,sad
5004,sad
5006,happy
5008,happy
5010,angry
5023,neutral
5037,surprise
504,sad
5046,neutral
5048,happy
505,sad
5053,neutral
5055,angry
5056,sad
5058,happy
5060,neutral
5061,sad
5062,happy
5064,neutral
507,surprise
5073,neutral
5074,neutral
5077,surprise
508,surprise
5085,angry
5087,neutral
5089,happy
5097,sad
51,neutral
5100,neutral
5101,fear
5102,happy
5107,happy
5110,neutral
5116,neutral
5117,angry
5127,happy
5138,surprise
5147,neutral
5154,neutral
5166,sad
5170,neutral
5176,happy
5177,sad
5178,fear
518,surprise
5184,sad
5186,angry
5209,happy
521,happy
5220,angry
5222,surprise
5224,sad
5229,sad
5233,angry
5244,angry
5253,surprise
5258,neutral
5259,neutral
5263,fear
5264,happy
5267,happy
5269,happy
527,happy
5278,happy
5279,happy
5283,sad
5289,neutral
5293,happy
5303,happy
531,fear
5310,surprise
5312,sad
5317,angry
5318,neutral
5323,neutral
533,fear
5340,happy
5345,neutral
5356,neutral
5360,sad
5361,neutral
5374,neutral
5375,surprise
538,sad
5385,sad
5400,angry
541,neutral
5417,happy
5419,fear
542,neutral
5422,fear
5432,angry
5434,fear
5435,sad
5444,happy
5445,happy
5446,sad
5449,neutral
5450,surprise
5452,happy
5459,angry
546,sad
5466,neutral
5468,happy
547,neutral
5472,sad
5477,happy
5490,neutral
5493,happy
551,sad
5513,surprise
5514,surprise
5519,angry
5523,happy
5527,sad
553,happy
5530,surprise
5536,neutral
5548,happy
5549,neutral
5558,neutral
5560,neutral
5561,happy
5564,angry
5567,neutral
5570,angry
5582,sad
5591,neutral
5594,happy
5595,surprise
5607,sad
5610,neutral
5618,happy
5622,fear
5629,neutral
5636,surprise
5637,angry
5638,neutral
5642,neutral
5651,sad
5654,sad
5664,surprise
5674,happy
568,happy
5687,neutral
5689,sad
5694,happy
5695,neutral
5705,happy
5706,surprise
5708,neutral
5710,sad
5713,neutral
5714,happy
5715,neutral
5717,angry
5719,happy
5724,neutral
573,disgust
5732,angry
5736,surprise
5739,neutral
5748,angry
5749,neutral
5753,happy
5766,happy
5771,surprise
5778,angry
5780,angry
5783,happy
5784,neutral
5792,sad
5797,happy
580,angry
5800,happy
5807,happy
5809,surprise
5810,angry
5811,neutral
5812,happy
5822,angry
5831,angry
5835,happy
5836,angry
584,happy
5853,neutral
5855,fear
5857,happy
5858,sad
5859,fear
5865,neutral
5883,sad
5888,happy
589,angry
5891,happy
5893,surprise
5902,angry
5904,angry
5910,sad
5912,sad
5919,happy
5931,neutral
5938,happy
594,happy
5942,happy
5943,surprise
5953,sad
5954,happy
5957,angry
596,angry
5961,sad
5962,angry
5968,happy
5976,happy
5977,happy
5984,neutral
5988,happy
5989,happy
5992,neutral
5995,angry
5997,fear
60,neutral
6009,angry
601,sad
6017,angry
6025,sad
6029,happy
6033,angry
6035,surprise
6037,fear
6045,happy
6046,surprise
6050,surprise
6052,happy
6054,sad
6059,surprise
6062,angry
6064,angry
6075,angry
6078,neutral
608,neutral
6088,angry
6091,fear
6095,happy
6103,neutral
6106,happy
6109,sad
6110,happy
6119,angry
6123,happy
6129,angry
613,neutral
6136,sad
6137,happy
6149,fear
615,sad
6152,neutral
6153,angry
6155,neutral
6158,neutral
6167,surprise
6169,happy
6175,happy
6176,angry
6179,fear
6180,angry
6183,happy
6184,surprise
6187,angry
6193,sad
62,happy
620,happy
6206,neutral
6214,fear
6215,sad
6216,surprise
6217,happy
6219,surprise
6225,happy
6231,angry
6232,angry
6236,neutral
624,sad
6246,happy
6247,happy
6265,happy
6272,happy
6274,angry
6278,angry
628,neutral
6283,angry
629,happy
6304,sad
6309,surprise
6311,angry
6312,angry
6321,happy
633,sad
6343,neutral
6345,neutral
6346,happy
6347,angry
6351,neutral
6353,sad
6360,surprise
6364,angry
6365,neutral
6366,surprise
6368,happy
6375,angry
6378,happy
6388,neutral
639,sad
6390,sad
6394,happy
6397,sad
6400,neutral
6403,happy
6410,fear
6412,sad
6415,fear
6416,happy
6420,angry
6425,surprise
6426,sad
6427,surprise
644,neutral
6444,happy
6449,sad
6457,happy
6459,neutral
6467,sad
6469,happy
647,neutral
6471,angry
6473,happy
6484,angry
649,neutral
6492,neutral
6495,fear
65,neutral
6500,happy
6502,neutral
651,neutral
6515,angry
6518,surprise
6521,angry
6522,happy
6527,neutral
6529,sad
6532,sad
654,angry
6547,happy
655,sad
6551,neutral
6555,happy
6557,neutral
6561,angry
6563,sad
6566,fear
657,happy
6577,happy
6580,angry
6581,angry
6584,surprise
659,happy
6598,surprise
6599,neutral
6603,happy
6608,surprise
6616,angry
6618,angry
662,neutral
6621,sad
6645,sad
6647,surprise
665,angry
6652,happy
6660,sad
6664,neutral
6677,happy
6686,happy
6689,happy
6691,happy
670,surprise
6700,happy
6703,happy
6710,sad
6711,happy
6716,fear
6720,neutral
6726,angry
673,neutral
6732,angry
6735,fear
6739,angry
674,sad
6744,sad
6745,neutral
6747,neutral
675,surprise
6759,happy
676,angry
6766,angry
6771,sad
6776,fear
6784,happy
6792,fear
6797,neutral
680,neutral
6808,fear
6809,happy
681,sad
6811,happy
6813,neutral
6814,fear
6818,happy
6833,sad
6836,sad
6842,neutral
6860,sad
6865,happy
6869,neutral
6876,sad
6877,surprise
688,sad
689,sad
6890,neutral
6891,neutral
6897,sad
690,happy
6901,neutral
6902,happy
6904,fear
6909,fear
6914,happy
6915,fear
692,surprise
6923,angry
6926,disgust
6928,surprise
693,neutral
6930,neutral
6934,sad
6935,happy
6955,angry
6957,angry
6960,sad
6964,sad
6965,angry
6966,surprise
6973,fear
6977,happy
6988,neutral
6989,happy
70,neutral
7008,sad
7009,neutral
7015,angry
7017,happy
7020,happy
7024,angry
7026,happy
7027,sad
7029,sad
7030,happy
7032,happy
7037,sad
7038,fear
7039,sad
7056,angry
7065,happy
7068,fear
7077,neutral
7080,happy
7092,sad
7100,happy
7102,neutral
7103,neutral
7110,neutral
7116,happy
7119,sad
712,sad
7121,sad
7129,happy
7131,neutral
7136,happy
7146,happy
7150,angry
7153,surprise
7158,fear
7159,happy
7162,happy
7165,sad
7174,angry
7182,fear
7191,happy
7192,angry
7198,neutral
7200,happy
7203,surprise
721,happy
7211,surprise
7219,neutral
7220,neutral
7232,surprise
7239,neutral
7244,happy
7245,happy
7253,happy
7254,neutral
7257,angry
726,sad
7261,neutral
7268,sad
727,angry
7270,sad
7271,neutral
7273,neutral
7274,sad
7275,happy
7284,angry
7287,sad
729,sad
7291,happy
7292,sad
7299,happy
73,fear
7301,happy
7302,surprise
7305,fear
7333,happy
7335,happy
7337,happy
7348,neutral
7350,surprise
7361,neutral
7366,happy
7371,neutral
7376,fear
7379,happy
738,angry
7392,happy
7394,neutral
7398,neutral
7400,happy
7405,fear
7406,angry
7409,angry
741,neutral
7413,happy
7425,sad
7430,sad
7441,happy
7455,happy
7459,surprise
7462,sad
7466,neutral
7475,neutral
7490,happy
7492,angry
7502,sad
7511,sad
7512,angry
7517,angry
7531,happy
7532,happy
7536,happy
7537,happy
7542,fear
7548,happy
7550,fear
7551,neutral
7559,sad
7561,happy
7562,surprise
7566,sad
7569,neutral
7571,neutral
7580,neutral
7582,surprise
7588,neutral
7589,happy
759,surprise
7590,happy
7592,angry
7599,neutral
7603,happy
761,neutral
7618,fear
7623,angry
7626,surprise
7630,neutral
764,neutral
7655,angry
7659,fear
766,happy
7664,happy
7668,angry
767,neutral
7672,happy
7674,happy
7675,angry
7679,sad
7680,happy
7681,surprise
7684,neutral
7700,happy
7702,happy
7712,happy
7713,happy
7717,neutral
7724,happy
7729,happy
7737,happy
774,happy
7748,angry
7749,fear
7753,happy
7755,neutral
7756,fear
7761,surprise
7762,happy
7765,sad
7772,neutral
7773,neutral
7774,sad
7776,surprise
7777,angry
7786,happy
7788,fear
7793,angry
78,surprise
7804,happy
7806,neutral
7811,sad
7813,happy
7815,happy
7819,sad
7823,sad
7827,happy
783,surprise
7831,neutral
7835,disgust
7845,happy
7846,sad
7848,sad
7865,surprise
7871,happy
7874,surprise
7875,sad
7877,sad
7878,neutral
788,happy
7881,happy
7886,neutral
7892,sad
7894,neutral
7903,neutral
7905,happy
7916,surprise
7919,sad
7926,surprise
7932,neutral
7937,neutral
794,neutral
7943,sad
7948,neutral
7953,angry
7957,happy
7962,sad
7963,sad
7975,happy
7976,sad
7979,angry
798,angry
7980,fear
7986,neutral
8,happy
80,happy
800,neutral
8000,angry
8001,angry
8003,happy
8016,surprise
8020,neutral
8021,surprise
8027,neutral
8034,happy
8035,fear
8039,angry
8040,fear
8042,surprise
8043,fear
8049,happy
8052,angry
8054,neutral
8056,happy
8063,surprise
8065,happy
8067,happy
807,neutral
8076,neutral
8082,happy
8083,neutral
8086,happy
8089,happy
8096,angry
8098,angry
8099,fear
8102,neutral
8103,neutral
8105,neutral
8115,surprise
8119,angry
8130,angry
8137,surprise
8141,neutral
8143,surprise
8146,fear
8151,angry
816,angry
8163,neutral
8164,sad
817,happy
8173,surprise
8177,happy
8178,fear
8179,neutral
8188,happy
8197,sad
8203,fear
8211,neutral
8216,angry
822,fear
8223,sad
8228,happy
8233,neutral
8238,happy
8239,happy
8240,angry
8247,neutral
8252,sad
8262,happy
8264,neutral
8266,disgust
8267,neutral
8268,happy
8275,angry
8276,happy
8280,neutral
8284,happy
8293,happy
8295,neutral
8299,angry
8301,happy
8303,happy
8309,happy
8316,happy
8322,happy
8329,surprise
8331,happy
8333,sad
8334,happy
8338,happy
8347,happy
8350,fear
8352,sad
8355,happy
8373,neutral
838,neutral
8389,neutral
8390,neutral
8392,sad
8402,neutral
8404,surprise
841,neutral
8410,happy
8415,happy
842,sad
8421,surprise
8424,sad
843,fear
8430,sad
8433,angry
8434,happy
8439,surprise
8449,happy
8454,neutral
8457,happy
8471,neutral
8473,happy
8474,angry
8478,happy
8481,neutral
8483,neutral
8489,surprise
8498,neutral
85,neutral
8516,sad
8525,neutral
8536,neutral
8539,happy
854,angry
8548,happy
855,neutral
8555,neutral
8556,angry
8559,happy
856,happy
8580,neutral
8581,neutral
8585,disgust
859,happy
8593,sad
8599,neutral
861,angry
8611,fear
8614,fear
8637,fear
8639,sad
8645,fear
8649,neutral
8657,happy
8659,sad
8661,neutral
8662,happy
867,fear
8672,sad
8677,happy
8682,happy
8685,angry
8687,neutral
8691,surprise
8694,sad
8702,neutral
8704,happy
8718,fear
8719,angry
872,sad
8724,neutral
8726,neutral
873,happy
8734,happy
8736,surprise
8738,neutral
8753,happy
8754,fear
8756,happy
8761,sad
8762,happy
8763,neutral
8768,happy
8782,sad
8788,angry
8795,happy
8797,happy
880,angry
8802,neutral
8814,neutral
8818,surprise
8820,happy
8834,sad
8837,surprise
8842,sad
8851,happy
886,angry
8861,happy
8862,neutral
8863,fear
8864,happy
8868,neutral
8876,sad
8880,happy
8886,happy
8892,angry
8893,disgust
8902,angry
891,sad
8915,happy
8916,angry
8919,neutral
8925,neutral
8928,surprise
8940,happy
8946,neutral
8948,angry
895,neutral
8953,sad
8955,sad
8958,sad
8960,happy
8969,angry
897,happy
8973,surprise
8976,neutral
898,happy
8980,neutral
8993,happy
9005,happy
9006,sad
9011,neutral
9012,angry
9016,happy
9017,surprise
9021,angry
9028,sad
9037,fear
9040,angry
9043,angry
9046,neutral
9050,neutral
9059,neutral
906,happy
9060,happy
9066,neutral
9069,sad
9070,happy
9071,happy
9073,sad
9082,sad
9085,happy
9087,angry
9094,happy
9099,neutral
9100,angry
9101,sad
911,angry
9118,surprise
9119,neutral
9128,neutral
913,angry
9141,surprise
9142,happy
9147,happy
9149,sad
915,neutral
9152,happy
9156,angry
9162,surprise
9167,happy
917,happy
9170,neutral
9171,sad
9174,happy
9179,neutral
9180,happy
9202,happy
9205,fear
9206,happy
9209,sad
9219,sad
922,happy
9221,happy
9222,happy
9232,neutral
9235,neutral
9238,sad
9246,sad
9251,surprise
9252,neutral
9261,neutral
9266,surprise
9267,sad
9272,angry
9273,happy
9276,neutral
9281,sad
9286,happy
9288,neutral
9292,neutral
9293,fear
9297,angry
9302,sad
9309,surprise
9324,sad
9327,angry
9331,angry
9333,sad
9335,neutral
9338,angry
9355,neutral
9356,sad
9360,neutral
9367,surprise
9369,surprise
9370,angry
9371,happy
9380,fear
9381,sad
9387,fear
9392,happy
9400,fear
9405,sad
9412,neutral
9415,neutral
9416,happy
942,happy
9420,neutral
9434,neutral
9437,happy
9442,happy
9450,surprise
9453,neutral
9454,sad
9457,neutral
9459,happy
9460,disgust
9463,sad
9465,neutral
9467,angry
947,fear
9473,happy
9474,neutral
9476,happy
9477,neutral
9486,happy
949,sad
9498,happy
9499,surprise
9504,fear
9507,neutral
9508,sad
951,happy
9538,happy
9541,surprise
9542,sad
9543,neutral
9546,fear
9548,neutral
9560,angry
9567,neutral
9570,happy
9571,happy
9598,angry
9599,happy
9602,angry
9605,neutral
9606,neutral
9611,sad
9615,angry
9630,surprise
9640,happy
9644,surprise
966,angry
9681,surprise
9687,happy
9689,sad
9691,fear
9693,sad
9698,neutral
9701,neutral
9712,neutral
9713,neutral
9715,angry
9718,sad
973,happy
9748,sad
9769,sad
977,sad
9773,neutral
9774,happy
9776,happy
9785,angry
9786,happy
98,sad
9800,happy
9802,angry
9803,sad
9806,surprise
9811,neutral
9830,happy
9833,happy
9838,sad
9841,sad
9842,angry
9845,happy
9853,surprise
9862,neutral
9864,happy
9865,neutral
9867,neutral
987,sad
9874,neutral
9878,happy
9884,neutral
9885,sad
9889,neutral
9890,happy
9893,happy
9897,happy
9898,angry
9901,happy
9923,angry
993,surprise
9931,angry
9933,angry
9936,sad
9975,happy
9977,happy
9979,happy
9982,happy
9984,neutral
9993,neutral
